"WeekNum","Province","WeekStart","TestVol","nit","rit","dit","ait","Vaccine1Dose","Vaccine2Dose"
5,"Alberta",2020-04-23,29781,1764,643,21,2296,0,0
5,"British Columbia",2020-04-23,15049,292,226,19,638,0,0
5,"Canada",2020-04-23,183150,11407,6341,1022,25198,0,0
5,"Manitoba",2020-04-23,3252,16,59,0,82,0,0
5,"New Brunswick",2020-04-23,2083,0,10,0,14,0,0
5,"Newfoundland and Labrador",2020-04-23,2359,2,26,0,48,0,0
5,"Northwest Territories",2020-04-23,88,0,0,0,0,0,0
5,"Nova Scotia",2020-04-23,5426,163,199,16,453,0,0
5,"Nunavut",2020-04-23,65,0,0,0,0,0,0
5,"Ontario",2020-04-23,78870,3483,3391,337,5481,0,0
5,"Prince Edward Island",2020-04-23,528,1,0,0,2,0,0
5,"Quebec",2020-04-23,41766,5629,1757,627,16111,0,0
5,"Repatriated travellers",2020-04-23,0,0,0,0,0,0,0
5,"Saskatchewan",2020-04-23,3821,57,30,2,57,0,0
5,"Yukon",2020-04-23,70,0,0,0,3,0,0
6,"Alberta",2020-04-30,28092,798,1599,25,3105,0,0
6,"British Columbia",2020-04-30,17663,168,189,15,679,0,0
6,"Canada",2020-04-30,209725,11898,7844,1236,28623,0,0
6,"Manitoba",2020-04-30,3966,10,29,1,49,0,0
6,"New Brunswick",2020-04-30,2499,2,4,0,4,0,0
6,"Newfoundland and Labrador",2020-04-30,1833,1,19,0,30,0,0
6,"Northwest Territories",2020-04-30,125,0,0,0,0,0,0
6,"Nova Scotia",2020-04-30,5129,63,132,13,374,0,0
6,"Nunavut",2020-04-30,70,0,0,0,0,0,0
6,"Ontario",2020-04-30,99674,2994,3610,433,4895,0,0
6,"Prince Edward Island",2020-04-30,500,0,2,0,3,0,0
6,"Quebec",2020-04-30,45758,7733,2236,749,19380,0,0
6,"Repatriated travellers",2020-04-30,0,0,13,0,0,0,0
6,"Saskatchewan",2020-04-30,4289,129,21,0,88,0,0
6,"Yukon",2020-04-30,106,0,3,0,2,0,0
7,"Alberta",2020-05-07,24098,444,1524,8,2094,0,0
7,"British Columbia",2020-05-07,13214,121,365,8,650,0,0
7,"Canada",2020-05-07,215180,8781,6993,1072,31261,0,0
7,"Manitoba",2020-05-07,3707,6,9,0,33,0,0
7,"New Brunswick",2020-05-07,2643,0,0,0,2,0,0
7,"Newfoundland and Labrador",2020-05-07,1473,1,3,0,13,0,0
7,"Northwest Territories",2020-05-07,130,0,0,0,0,0,0
7,"Nova Scotia",2020-05-07,4471,26,209,10,255,0,0
7,"Nunavut",2020-05-07,135,0,0,0,0,0,0
7,"Ontario",2020-05-07,107207,2514,2623,336,4070,0,0
7,"Prince Edward Island",2020-05-07,715,0,1,0,1,0,0
7,"Quebec",2020-05-07,52541,5604,2186,710,23934,0,0
7,"Repatriated travellers",2020-05-07,0,0,0,0,0,0,0
7,"Saskatchewan",2020-05-07,4774,65,73,0,196,0,0
7,"Yukon",2020-05-07,71,0,0,0,0,0,0
8,"Alberta",2020-05-14,28037,309,508,8,1131,0,0
8,"British Columbia",2020-05-14,12161,91,142,17,372,0,0
8,"Canada",2020-05-14,219713,7847,5529,731,31919,0,0
8,"Manitoba",2020-05-14,4240,1,6,0,30,0,0
8,"New Brunswick",2020-05-14,2244,0,2,0,2,0,0
8,"Newfoundland and Labrador",2020-05-14,1123,0,3,0,9,0,0
8,"Northwest Territories",2020-05-14,89,0,0,0,0,0,0
8,"Nova Scotia",2020-05-14,3192,21,86,6,66,0,0
8,"Nunavut",2020-05-14,53,0,0,0,0,0,0
8,"Ontario",2020-05-14,99873,2538,2345,202,3574,0,0
8,"Prince Edward Island",2020-05-14,851,0,0,0,0,0,0
8,"Quebec",2020-05-14,63895,4844,2352,498,26544,0,0
8,"Repatriated travellers",2020-05-14,0,0,0,0,0,0,0
8,"Saskatchewan",2020-05-14,3911,43,85,0,178,0,0
8,"Yukon",2020-05-14,53,0,0,0,0,0,0
9,"Alberta",2020-05-21,23378,210,522,13,926,0,0
9,"British Columbia",2020-05-21,11357,83,143,13,307,0,0
9,"Canada",2020-05-21,192138,7396,5484,735,33434,0,0
9,"Manitoba",2020-05-21,3886,2,14,0,18,0,0
9,"New Brunswick",2020-05-21,2148,3,0,0,1,0,0
9,"Newfoundland and Labrador",2020-05-21,1090,0,5,0,4,0,0
9,"Northwest Territories",2020-05-21,77,0,0,0,0,0,0
9,"Nova Scotia",2020-05-21,3477,8,19,2,29,0,0
9,"Nunavut",2020-05-21,61,0,0,0,0,0,0
9,"Ontario",2020-05-21,69620,2709,2182,193,3675,0,0
9,"Prince Edward Island",2020-05-21,874,0,0,0,0,0,0
9,"Quebec",2020-05-21,73166,4364,2497,510,28368,0,0
9,"Repatriated travellers",2020-05-21,0,0,13,0,0,0,0
9,"Saskatchewan",2020-05-21,2974,17,89,4,106,0,0
9,"Yukon",2020-05-21,25,0,0,0,0,0,0
10,"Alberta",2020-05-28,23655,150,481,4,652,0,0
10,"British Columbia",2020-05-28,12006,73,99,4,241,0,0
10,"Canada",2020-05-28,253475,5566,4871,733,34772,0,0
10,"Manitoba",2020-05-28,5960,6,11,0,14,0,0
10,"New Brunswick",2020-05-28,8470,12,0,0,6,0,0
10,"Newfoundland and Labrador",2020-05-28,1379,1,1,0,3,0,0
10,"Northwest Territories",2020-05-28,114,0,0,0,0,0,0
10,"Nova Scotia",2020-05-28,5132,5,18,1,19,0,0
10,"Nunavut",2020-05-28,72,0,0,0,0,0,0
10,"Ontario",2020-05-28,118550,2564,2439,157,3994,0,0
10,"Prince Edward Island",2020-05-28,999,0,0,0,0,0,0
10,"Quebec",2020-05-28,73083,2745,1779,566,29782,0,0
10,"Repatriated travellers",2020-05-28,0,0,0,0,0,0,0
10,"Saskatchewan",2020-05-28,4013,10,43,1,61,0,0
10,"Yukon",2020-05-28,40,0,0,0,0,0,0
11,"Alberta",2020-06-04,36193,200,167,4,334,0,0
11,"British Columbia",2020-06-04,11574,57,85,1,201,0,0
11,"Canada",2020-06-04,259072,4040,5591,460,34340,0,0
11,"Manitoba",2020-06-04,5096,2,3,0,7,0,0
11,"New Brunswick",2020-06-04,3490,16,1,1,15,0,0
11,"Newfoundland and Labrador",2020-06-04,1756,0,0,0,2,0,0
11,"Northwest Territories",2020-06-04,93,0,0,0,0,0,0
11,"Nova Scotia",2020-06-04,4578,3,1,2,2,0,0
11,"Nunavut",2020-06-04,66,0,0,0,0,0,0
11,"Ontario",2020-06-04,132434,2294,2569,163,3828,0,0
11,"Prince Edward Island",2020-06-04,963,0,0,0,0,0,0
11,"Quebec",2020-06-04,58885,1457,2743,287,29922,0,0
11,"Repatriated travellers",2020-06-04,0,0,0,0,0,0,0
11,"Saskatchewan",2020-06-04,3918,11,22,2,29,0,0
11,"Yukon",2020-06-04,25,0,0,0,0,0,0
12,"Alberta",2020-06-11,48923,254,139,2,379,0,0
12,"British Columbia",2020-06-11,11228,95,94,1,183,0,0
12,"Canada",2020-06-11,297369,2728,5378,301,31868,0,0
12,"Manitoba",2020-06-11,4662,6,8,0,7,0,0
12,"New Brunswick",2020-06-11,3383,13,12,1,29,0,0
12,"Newfoundland and Labrador",2020-06-11,1912,0,1,0,2,0,0
12,"Northwest Territories",2020-06-11,102,0,0,0,0,0,0
12,"Nova Scotia",2020-06-11,4441,0,3,0,4,0,0
12,"Nunavut",2020-06-11,76,0,0,0,0,0,0
12,"Ontario",2020-06-11,166826,1403,2404,80,3162,0,0
12,"Prince Edward Island",2020-06-11,1256,0,0,0,0,0,0
12,"Quebec",2020-06-11,50325,922,2708,217,28081,0,0
12,"Repatriated travellers",2020-06-11,0,0,0,0,0,0,0
12,"Saskatchewan",2020-06-11,4204,35,9,0,21,0,0
12,"Yukon",2020-06-11,31,0,0,0,0,0,0
13,"Alberta",2020-06-18,53052,295,241,2,489,0,0
13,"British Columbia",2020-06-18,11852,74,94,3,190,0,0
13,"Canada",2020-06-18,301755,2389,3074,230,29409,0,0
13,"Manitoba",2020-06-18,4693,9,0,0,8,0,0
13,"New Brunswick",2020-06-18,2778,1,14,0,27,0,0
13,"Newfoundland and Labrador",2020-06-18,2285,0,1,0,0,0,0
13,"Northwest Territories",2020-06-18,113,0,0,0,0,0,0
13,"Nova Scotia",2020-06-18,3044,0,1,1,2,0,0
13,"Nunavut",2020-06-18,107,0,0,0,0,0,0
13,"Ontario",2020-06-18,165592,1272,1552,81,2345,0,0
13,"Prince Edward Island",2020-06-18,1159,0,0,0,0,0,0
13,"Quebec",2020-06-18,52545,674,1161,143,26289,0,0
13,"Repatriated travellers",2020-06-18,0,0,0,0,0,0,0
13,"Saskatchewan",2020-06-18,4511,64,10,0,59,0,0
13,"Yukon",2020-06-18,20,0,0,0,0,0,0
14,"Alberta",2020-06-25,46621,283,273,1,506,0,0
14,"British Columbia",2020-06-25,11963,67,74,3,179,0,0
14,"Canada",2020-06-25,321398,1962,2503,107,28678,0,0
14,"Manitoba",2020-06-25,4851,10,7,0,15,0,0
14,"New Brunswick",2020-06-25,2077,0,12,0,14,0,0
14,"Newfoundland and Labrador",2020-06-25,2095,0,0,0,0,0,0
14,"Northwest Territories",2020-06-25,57,0,0,0,0,0,0
14,"Nova Scotia",2020-06-25,2713,1,0,0,0,0,0
14,"Nunavut",2020-06-25,76,0,0,0,0,0,0
14,"Ontario",2020-06-25,194509,1052,1008,41,2021,0,0
14,"Prince Edward Island",2020-06-25,1403,0,0,0,0,0,0
14,"Quebec",2020-06-25,50290,521,1088,62,25845,0,0
14,"Repatriated travellers",2020-06-25,0,0,0,0,0,0,0
14,"Saskatchewan",2020-06-25,4714,28,41,0,98,0,0
14,"Yukon",2020-06-25,27,0,0,0,0,0,0
15,"Alberta",2020-07-02,44487,374,309,4,542,0,0
15,"British Columbia",2020-07-02,11939,92,70,12,160,0,0
15,"Canada",2020-07-02,273942,2229,2653,146,27769,0,0
15,"Manitoba",2020-07-02,3732,0,12,0,18,0,0
15,"New Brunswick",2020-07-02,1759,0,3,0,3,0,0
15,"Newfoundland and Labrador",2020-07-02,2231,0,0,0,0,0,0
15,"Northwest Territories",2020-07-02,94,0,0,0,0,0,0
15,"Nova Scotia",2020-07-02,2324,4,0,0,3,0,0
15,"Nunavut",2020-07-02,65,0,0,0,0,0,0
15,"Ontario",2020-07-02,152204,1110,1461,28,1945,0,0
15,"Prince Edward Island",2020-07-02,1607,5,0,0,0,0,0
15,"Quebec",2020-07-02,49123,621,736,100,25018,0,0
15,"Repatriated travellers",2020-07-02,0,0,0,0,0,0,0
15,"Saskatchewan",2020-07-02,4354,23,62,2,80,0,0
15,"Yukon",2020-07-02,34,0,0,0,0,0,0
16,"Alberta",2020-07-09,51979,512,411,5,585,0,0
16,"British Columbia",2020-07-09,15347,141,93,3,175,0,0
16,"Canada",2020-07-09,324598,2394,2238,78,27467,0,0
16,"Manitoba",2020-07-09,4777,5,6,0,4,0,0
16,"New Brunswick",2020-07-09,2032,3,1,0,1,0,0
16,"Newfoundland and Labrador",2020-07-09,2627,1,0,0,0,0,0
16,"Northwest Territories",2020-07-09,158,0,0,0,0,0,0
16,"Nova Scotia",2020-07-09,3069,1,4,0,4,0,0
16,"Nunavut",2020-07-09,75,0,0,0,0,0,0
16,"Ontario",2020-07-09,169530,874,1115,37,1653,0,0
16,"Prince Edward Island",2020-07-09,1692,4,0,0,6,0,0
16,"Quebec",2020-07-09,67786,780,563,33,24991,0,0
16,"Repatriated travellers",2020-07-09,0,0,0,0,0,0,0
16,"Saskatchewan",2020-07-09,5480,73,45,0,48,0,0
16,"Yukon",2020-07-09,44,0,0,0,0,0,0
17,"Alberta",2020-07-16,52448,867,309,11,807,0,0
17,"British Columbia",2020-07-16,17072,213,135,0,192,0,0
17,"Canada",2020-07-16,365432,3413,25657,60,27581,0,0
17,"Manitoba",2020-07-16,6078,44,0,0,6,0,0
17,"New Brunswick",2020-07-16,2514,2,2,0,3,0,0
17,"Newfoundland and Labrador",2020-07-16,2660,2,1,0,1,0,0
17,"Northwest Territories",2020-07-16,137,0,0,0,0,0,0
17,"Nova Scotia",2020-07-16,2965,0,1,0,2,0,0
17,"Nunavut",2020-07-16,70,0,0,0,0,0,0
17,"Ontario",2020-07-16,181050,1055,892,23,1345,0,0
17,"Prince Edward Island",2020-07-16,2623,0,7,0,9,0,0
17,"Quebec",2020-07-16,89831,1079,24276,26,25102,0,0
17,"Repatriated travellers",2020-07-16,0,0,0,0,0,0,0
17,"Saskatchewan",2020-07-16,7902,149,34,0,114,0,0
17,"Yukon",2020-07-16,101,2,0,0,0,0,0
18,"Alberta",2020-07-23,60924,742,547,16,1293,0,0
18,"British Columbia",2020-07-23,17724,200,221,5,304,0,0
18,"Canada",2020-07-23,381185,3166,2323,49,5259,0,0
18,"Manitoba",2020-07-23,8287,33,7,1,49,0,0
18,"New Brunswick",2020-07-23,2077,0,0,0,3,0,0
18,"Newfoundland and Labrador",2020-07-23,3012,2,0,0,2,0,0
18,"Northwest Territories",2020-07-23,131,0,0,0,0,0,0
18,"Nova Scotia",2020-07-23,2755,0,0,1,1,0,0
18,"Nunavut",2020-07-23,98,0,0,0,0,0,0
18,"Ontario",2020-07-23,176846,879,929,14,1472,0,0
18,"Prince Edward Island",2020-07-23,1520,0,2,0,2,0,0
18,"Quebec",2020-07-23,97708,1071,513,10,1913,0,0
18,"Repatriated travellers",2020-07-23,0,0,0,0,0,0,0
18,"Saskatchewan",2020-07-23,9993,238,104,2,218,0,0
18,"Yukon",2020-07-23,110,1,0,0,2,0,0
19,"Alberta",2020-07-30,60897,637,908,13,1408,0,0
19,"British Columbia",2020-07-30,16817,272,179,1,242,0,0
19,"Canada",2020-07-30,398637,2781,2323,43,5988,0,0
19,"Manitoba",2020-07-30,9150,37,17,0,76,0,0
19,"New Brunswick",2020-07-30,1910,4,3,0,2,0,0
19,"Newfoundland and Labrador",2020-07-30,2849,0,4,0,4,0,0
19,"Northwest Territories",2020-07-30,225,0,0,0,0,0,0
19,"Nova Scotia",2020-07-30,2530,4,2,0,0,0,0
19,"Nunavut",2020-07-30,73,0,0,0,0,0,0
19,"Ontario",2020-07-30,190932,728,1006,13,1377,0,0
19,"Prince Edward Island",2020-07-30,1429,0,0,0,0,0,0
19,"Quebec",2020-07-30,101039,991,0,15,2572,0,0
19,"Repatriated travellers",2020-07-30,0,0,0,0,0,0,0
19,"Saskatchewan",2020-07-30,10610,108,204,1,304,0,0
19,"Yukon",2020-07-30,197,0,0,0,3,0,0
20,"Alberta",2020-08-06,57178,653,741,14,1107,0,0
20,"British Columbia",2020-08-06,17976,362,181,1,371,0,0
20,"Canada",2020-08-06,371872,2657,4360,44,6469,0,0
20,"Manitoba",2020-08-06,10416,134,26,0,118,0,0
20,"New Brunswick",2020-08-06,1914,4,0,0,6,0,0
20,"Newfoundland and Labrador",2020-08-06,2766,2,0,0,0,0,0
20,"Northwest Territories",2020-08-06,150,0,0,0,0,0,0
20,"Nova Scotia",2020-08-06,2601,0,2,0,2,0,0
20,"Nunavut",2020-08-06,82,0,0,0,0,0,0
20,"Ontario",2020-08-06,166181,575,843,5,1100,0,0
20,"Prince Edward Island",2020-08-06,1622,5,0,0,0,0,0
20,"Quebec",2020-08-06,101029,813,2384,22,3560,0,0
20,"Repatriated travellers",2020-08-06,0,0,0,0,0,0,0
20,"Saskatchewan",2020-08-06,9693,108,181,2,204,0,0
20,"Yukon",2020-08-06,314,1,2,0,1,0,0
21,"Alberta",2020-08-13,60315,608,535,10,1036,0,0
21,"British Columbia",2020-08-13,23592,549,280,2,578,0,0
21,"Canada",2020-08-13,400752,2646,2674,48,4646,0,0
21,"Manitoba",2020-08-13,12252,185,160,4,218,0,0
21,"New Brunswick",2020-08-13,1904,8,4,0,9,0,0
21,"Newfoundland and Labrador",2020-08-13,2773,0,0,0,2,0,0
21,"Northwest Territories",2020-08-13,139,0,0,0,0,0,0
21,"Nova Scotia",2020-08-13,2889,5,0,0,0,0,0
21,"Nunavut",2020-08-13,85,0,0,0,0,0,0
21,"Ontario",2020-08-13,187218,683,625,10,871,0,0
21,"Prince Edward Island",2020-08-13,1778,3,4,0,5,0,0
21,"Quebec",2020-08-13,97229,503,968,20,1761,0,0
21,"Repatriated travellers",2020-08-13,0,0,0,0,0,0,0
21,"Saskatchewan",2020-08-13,10247,102,96,2,166,0,0
21,"Yukon",2020-08-13,265,0,2,0,0,0,0
22,"Alberta",2020-08-20,65418,709,632,8,1084,0,0
22,"British Columbia",2020-08-20,25670,559,450,5,780,0,0
22,"Canada",2020-08-20,384691,2927,2633,45,4506,0,0
22,"Manitoba",2020-08-20,11659,280,94,1,247,0,0
22,"New Brunswick",2020-08-20,2352,4,8,0,6,0,0
22,"Newfoundland and Labrador",2020-08-20,2765,0,2,0,2,0,0
22,"Northwest Territories",2020-08-20,146,0,0,0,0,0,0
22,"Nova Scotia",2020-08-20,3595,5,4,1,6,0,0
22,"Nunavut",2020-08-20,113,0,0,0,0,0,0
22,"Ontario",2020-08-20,170475,723,648,10,939,0,0
22,"Prince Edward Island",2020-08-20,2066,0,1,0,4,0,0
22,"Quebec",2020-08-20,92157,629,684,18,1289,0,0
22,"Repatriated travellers",2020-08-20,0,0,0,0,0,0,0
22,"Saskatchewan",2020-08-20,8113,18,110,2,149,0,0
22,"Yukon",2020-08-20,153,0,0,0,0,0,0
23,"Alberta",2020-08-27,73402,970,736,7,1158,0,0
23,"British Columbia",2020-08-27,30445,648,406,6,915,0,0
23,"Canada",2020-08-27,414998,3506,2595,41,4866,0,0
23,"Manitoba",2020-08-27,9955,201,154,1,407,0,0
23,"New Brunswick",2020-08-27,2281,2,6,0,7,0,0
23,"Newfoundland and Labrador",2020-08-27,2716,1,0,0,0,0,0
23,"Northwest Territories",2020-08-27,139,0,0,0,0,0,0
23,"Nova Scotia",2020-08-27,5705,4,3,0,5,0,0
23,"Nunavut",2020-08-27,115,0,0,0,0,0,0
23,"Ontario",2020-08-27,188127,859,643,10,1045,0,0
23,"Prince Edward Island",2020-08-27,1927,0,3,0,3,0,0
23,"Quebec",2020-08-27,91422,801,593,17,1268,0,0
23,"Repatriated travellers",2020-08-27,0,0,0,0,0,0,0
23,"Saskatchewan",2020-08-27,8574,20,51,0,58,0,0
23,"Yukon",2020-08-27,201,0,0,0,0,0,0
24,"Alberta",2020-09-03,76023,1011,823,6,1415,0,0
24,"British Columbia",2020-09-03,35880,739,495,4,1187,0,0
24,"Canada",2020-09-03,436024,4371,3221,20,5883,0,0
24,"Manitoba",2020-09-03,10455,121,169,2,457,0,0
24,"New Brunswick",2020-09-03,2646,0,2,0,4,0,0
24,"Newfoundland and Labrador",2020-09-03,2613,1,1,0,1,0,0
24,"Northwest Territories",2020-09-03,140,0,0,0,0,0,0
24,"Nova Scotia",2020-09-03,7412,1,4,0,6,0,0
24,"Nunavut",2020-09-03,146,0,0,0,0,0,0
24,"Ontario",2020-09-03,181174,1131,826,1,1224,0,0
24,"Prince Edward Island",2020-09-03,1994,11,0,0,2,0,0
24,"Quebec",2020-09-03,106432,1310,885,7,1551,0,0
24,"Repatriated travellers",2020-09-03,0,0,0,0,0,0,0
24,"Saskatchewan",2020-09-03,10866,46,16,0,36,0,0
24,"Yukon",2020-09-03,238,0,0,0,0,0,0
25,"Alberta",2020-09-10,91342,937,1021,6,1494,0,0
25,"British Columbia",2020-09-10,36625,807,546,6,1427,0,0
25,"Canada",2020-09-10,503325,5453,4178,43,6747,0,0
25,"Manitoba",2020-09-10,8785,124,245,0,360,0,0
25,"New Brunswick",2020-09-10,2795,2,1,0,3,0,0
25,"Newfoundland and Labrador",2020-09-10,3206,1,1,0,1,0,0
25,"Northwest Territories",2020-09-10,227,0,0,0,0,0,0
25,"Nova Scotia",2020-09-10,6538,0,2,0,2,0,0
25,"Nunavut",2020-09-10,138,0,0,0,0,0,0
25,"Ontario",2020-09-10,198740,1698,913,14,1543,0,0
25,"Prince Edward Island",2020-09-10,1895,2,12,0,11,0,0
25,"Quebec",2020-09-10,142712,1801,1404,17,1847,0,0
25,"Repatriated travellers",2020-09-10,0,0,0,0,0,0,0
25,"Saskatchewan",2020-09-10,10161,81,33,0,59,0,0
25,"Yukon",2020-09-10,212,0,0,0,0,0,0
26,"Alberta",2020-09-17,101046,904,873,6,1447,0,0
26,"British Columbia",2020-09-17,42792,897,1123,8,1724,0,0
26,"Canada",2020-09-17,600426,8006,5339,50,8528,0,0
26,"Manitoba",2020-09-17,9779,185,48,2,293,0,0
26,"New Brunswick",2020-09-17,4042,3,2,0,2,0,0
26,"Newfoundland and Labrador",2020-09-17,4605,1,1,0,1,0,0
26,"Northwest Territories",2020-09-17,490,0,0,0,0,0,0
26,"Nova Scotia",2020-09-17,6325,1,1,0,1,0,0
26,"Nunavut",2020-09-17,148,0,0,0,0,0,0
26,"Ontario",2020-09-17,244742,2704,1355,13,2397,0,0
26,"Prince Edward Island",2020-09-17,2514,1,1,0,1,0,0
26,"Quebec",2020-09-17,170261,3231,1882,21,2553,0,0
26,"Repatriated travellers",2020-09-17,0,0,0,0,0,0,0
26,"Saskatchewan",2020-09-17,13453,79,53,0,109,0,0
26,"Yukon",2020-09-17,200,0,0,0,0,0,0
27,"Alberta",2020-09-24,103942,1030,961,7,1462,0,0
27,"British Columbia",2020-09-24,49363,743,822,7,1397,0,0
27,"Canada",2020-09-24,655984,11005,7183,54,11108,0,0
27,"Manitoba",2020-09-24,14013,319,136,2,449,0,0
27,"New Brunswick",2020-09-24,5518,3,1,0,6,0,0
27,"Newfoundland and Labrador",2020-09-24,5026,2,1,0,1,0,0
27,"Northwest Territories",2020-09-24,353,0,0,0,0,0,0
27,"Nova Scotia",2020-09-24,6625,1,0,0,1,0,0
27,"Nunavut",2020-09-24,115,0,0,0,0,0,0
27,"Ontario",2020-09-24,273168,3623,2307,13,3744,0,0
27,"Prince Edward Island",2020-09-24,2626,1,0,0,1,0,0
27,"Quebec",2020-09-24,180882,5200,2878,25,3917,0,0
27,"Repatriated travellers",2020-09-24,0,0,0,0,0,0,0
27,"Saskatchewan",2020-09-24,14129,83,77,0,130,0,0
27,"Yukon",2020-09-24,220,0,0,0,0,0,0
28,"Alberta",2020-10-01,108225,1292,950,14,1596,0,0
28,"British Columbia",2020-10-01,74582,818,705,10,1290,0,0
28,"Canada",2020-10-01,695738,14365,10695,244,14836,0,0
28,"Manitoba",2020-10-01,13218,285,74,7,621,0,0
28,"New Brunswick",2020-10-01,4410,22,6,0,6,0,0
28,"Newfoundland and Labrador",2020-10-01,5706,3,0,1,3,0,0
28,"Northwest Territories",2020-10-01,263,0,0,0,0,0,0
28,"Nova Scotia",2020-10-01,5671,1,0,0,2,0,0
28,"Nunavut",2020-10-01,195,0,0,0,0,0,0
28,"Ontario",2020-10-01,281634,4235,3706,140,4945,0,0
28,"Prince Edward Island",2020-10-01,2407,2,1,0,2,0,0
28,"Quebec",2020-10-01,185018,7626,5171,72,6227,0,0
28,"Repatriated travellers",2020-10-01,0,0,0,0,0,0,0
28,"Saskatchewan",2020-10-01,14218,81,82,0,144,0,0
28,"Yukon",2020-10-01,145,0,0,0,0,0,0
29,"Alberta",2020-10-08,99343,1845,1060,6,2099,0,0
29,"British Columbia",2020-10-08,69859,936,816,6,1423,0,0
29,"Canada",2020-10-08,683000,16264,13685,123,18466,0,0
29,"Manitoba",2020-10-08,18221,647,66,10,863,0,0
29,"New Brunswick",2020-10-08,6366,70,2,0,24,0,0
29,"Newfoundland and Labrador",2020-10-08,4360,6,2,0,4,0,0
29,"Northwest Territories",2020-10-08,209,0,0,0,0,0,0
29,"Nova Scotia",2020-10-08,4901,3,2,0,3,0,0
29,"Nunavut",2020-10-08,156,0,0,0,0,0,0
29,"Ontario",2020-10-08,292821,5468,4899,29,5412,0,0
29,"Prince Edward Island",2020-10-08,2395,2,2,0,3,0,0
29,"Quebec",2020-10-08,168964,7080,6748,71,8492,0,0
29,"Repatriated travellers",2020-10-08,0,0,0,0,0,0,0
29,"Saskatchewan",2020-10-08,15226,205,88,1,143,0,0
29,"Yukon",2020-10-08,212,0,0,0,0,0,0
30,"Alberta",2020-10-15,97095,2203,1511,9,2738,0,0
30,"British Columbia",2020-10-15,58822,1165,881,6,1527,0,0
30,"Canada",2020-10-15,614353,16973,14397,170,20508,0,0
30,"Manitoba",2020-10-15,15704,701,295,6,1527,0,0
30,"New Brunswick",2020-10-15,6423,27,23,2,89,0,0
30,"Newfoundland and Labrador",2020-10-15,3900,4,3,0,9,0,0
30,"Northwest Territories",2020-10-15,298,3,0,0,0,0,0
30,"Nova Scotia",2020-10-15,4913,5,4,0,3,0,0
30,"Nunavut",2020-10-15,102,0,0,0,0,0,0
30,"Ontario",2020-10-15,252159,5273,4813,50,5848,0,0
30,"Prince Edward Island",2020-10-15,2123,1,1,0,3,0,0
30,"Quebec",2020-10-15,156069,7294,6784,97,8491,0,0
30,"Repatriated travellers",2020-10-15,0,0,0,0,0,0,0
30,"Saskatchewan",2020-10-15,16571,297,82,0,271,0,0
30,"Yukon",2020-10-15,171,2,0,0,0,0,0
31,"Alberta",2020-10-22,100694,3163,1725,17,3519,0,0
31,"British Columbia",2020-10-22,60639,1818,1251,5,1961,0,0
31,"Canada",2020-10-22,616789,19226,15119,203,23446,0,0
31,"Manitoba",2020-10-22,15788,1075,497,18,1806,0,0
31,"New Brunswick",2020-10-22,6229,18,61,2,81,0,0
31,"Newfoundland and Labrador",2020-10-22,3936,4,9,0,9,0,0
31,"Northwest Territories",2020-10-22,351,1,3,0,3,0,0
31,"Nova Scotia",2020-10-22,4969,5,5,0,4,0,0
31,"Nunavut",2020-10-22,133,0,0,0,0,0,0
31,"Ontario",2020-10-22,247042,6199,4978,46,6355,0,0
31,"Prince Edward Island",2020-10-22,2815,0,2,0,3,0,0
31,"Quebec",2020-10-22,155866,6526,6371,115,9194,0,0
31,"Repatriated travellers",2020-10-22,0,0,0,0,0,0,0
31,"Saskatchewan",2020-10-22,18142,412,215,0,509,0,0
31,"Yukon",2020-10-22,246,5,2,0,2,0,0
32,"Alberta",2020-10-29,85107,3882,2415,30,4921,0,0
32,"British Columbia",2020-10-29,59919,2260,1415,12,2399,0,0
32,"Canada",2020-10-29,593895,22632,17170,304,27224,0,0
32,"Manitoba",2020-10-29,22174,2050,586,26,2409,0,0
32,"New Brunswick",2020-10-29,3840,10,29,0,41,0,0
32,"Newfoundland and Labrador",2020-10-29,3720,1,2,0,4,0,0
32,"Northwest Territories",2020-10-29,245,1,1,0,2,0,0
32,"Nova Scotia",2020-10-29,5127,16,2,0,4,0,0
32,"Nunavut",2020-10-29,199,0,0,0,0,0,0
32,"Ontario",2020-10-29,238879,6807,5886,74,7543,0,0
32,"Prince Edward Island",2020-10-29,2406,0,1,0,0,0,0
32,"Quebec",2020-10-29,155591,7104,6463,161,9188,0,0
32,"Repatriated travellers",2020-10-29,0,0,0,0,0,0,0
32,"Saskatchewan",2020-10-29,16425,500,367,0,707,0,0
32,"Yukon",2020-10-29,158,1,3,1,6,0,0
33,"Alberta",2020-11-05,87550,5098,2533,40,7032,0,0
33,"British Columbia",2020-11-05,65576,3639,1045,11,3481,0,0
33,"Canada",2020-11-05,614499,29378,17162,349,33726,0,0
33,"Manitoba",2020-11-05,25175,2557,617,36,4166,0,0
33,"New Brunswick",2020-11-05,3866,8,20,0,28,0,0
33,"Newfoundland and Labrador",2020-11-05,4077,6,2,0,5,0,0
33,"Northwest Territories",2020-11-05,232,1,1,0,0,0,0
33,"Nova Scotia",2020-11-05,6510,16,15,0,18,0,0
33,"Nunavut",2020-11-05,166,3,0,0,0,0,0
33,"Ontario",2020-11-05,239857,8517,6114,93,8323,0,0
33,"Prince Edward Island",2020-11-05,2164,4,0,0,0,0,0
33,"Quebec",2020-11-05,163420,8611,6463,165,9794,0,0
33,"Repatriated travellers",2020-11-05,0,0,0,0,0,0,0
33,"Saskatchewan",2020-11-05,15760,918,350,4,877,0,0
33,"Yukon",2020-11-05,149,0,2,0,2,0,0
34,"Alberta",2020-11-12,95316,6147,4785,60,8305,0,0
34,"British Columbia",2020-11-12,71756,4648,3210,36,5991,0,0
34,"Canada",2020-11-12,666929,33513,25122,506,44999,0,0
34,"Manitoba",2020-11-12,24855,2699,923,67,6030,0,0
34,"New Brunswick",2020-11-12,3683,33,9,0,13,0,0
34,"Newfoundland and Labrador",2020-11-12,3914,9,7,0,7,0,0
34,"Northwest Territories",2020-11-12,262,4,0,0,1,0,0
34,"Nova Scotia",2020-11-12,6784,20,16,0,19,0,0
34,"Nunavut",2020-11-12,492,67,0,0,3,0,0
34,"Ontario",2020-11-12,263637,9953,7622,145,11236,0,0
34,"Prince Edward Island",2020-11-12,2010,0,1,0,4,0,0
34,"Quebec",2020-11-12,176289,8704,8061,195,11930,0,0
34,"Repatriated travellers",2020-11-12,0,0,0,0,0,0,0
34,"Saskatchewan",2020-11-12,17784,1227,488,3,1459,0,0
34,"Yukon",2020-11-12,211,2,0,0,1,0,0
35,"Alberta",2020-11-19,119808,9109,5390,57,10382,0,0
35,"British Columbia",2020-11-19,84664,4664,2900,51,7431,0,0
35,"Canada",2020-11-19,733523,36357,28911,524,52153,0,0
35,"Manitoba",2020-11-19,22916,2900,1461,66,7629,0,0
35,"New Brunswick",2020-11-19,7033,65,10,1,43,0,0
35,"Newfoundland and Labrador",2020-11-19,4438,17,1,0,10,0,0
35,"Northwest Territories",2020-11-19,301,0,5,0,5,0,0
35,"Nova Scotia",2020-11-19,9133,89,11,0,23,0,0
35,"Nunavut",2020-11-19,873,85,2,0,74,0,0
35,"Ontario",2020-11-19,281035,9721,9625,139,12588,0,0
35,"Prince Edward Island",2020-11-19,2152,2,3,0,3,0,0
35,"Quebec",2020-11-19,180303,8197,8926,205,11896,0,0
35,"Repatriated travellers",2020-11-19,0,0,0,0,0,0,0
35,"Saskatchewan",2020-11-19,20419,1494,576,5,2066,0,0
35,"Yukon",2020-11-19,557,14,1,0,3,0,0
36,"Alberta",2020-11-26,129673,10368,6882,61,14052,0,0
36,"British Columbia",2020-11-26,85149,5642,4610,98,9591,0,0
36,"Canada",2020-11-26,808503,42309,32654,615,60335,0,0
36,"Manitoba",2020-11-26,19883,2477,2179,86,8845,0,0
36,"New Brunswick",2020-11-26,9628,61,36,0,105,0,0
36,"Newfoundland and Labrador",2020-11-26,5606,16,11,0,28,0,0
36,"Northwest Territories",2020-11-26,295,0,0,0,0,0,0
36,"Nova Scotia",2020-11-26,20090,89,64,0,114,0,0
36,"Nunavut",2020-11-26,613,38,111,0,150,0,0
36,"Ontario",2020-11-26,324780,12039,10148,144,12831,0,0
36,"Prince Edward Island",2020-11-26,4846,2,0,0,2,0,0
36,"Quebec",2020-11-26,183215,9632,7646,210,11456,0,0
36,"Repatriated travellers",2020-11-26,0,0,0,0,0,0,0
36,"Saskatchewan",2020-11-26,23858,1935,961,16,3146,0,0
36,"Yukon",2020-11-26,773,10,6,0,15,0,0
37,"Alberta",2020-12-03,139909,12319,9172,92,17743,0,0
37,"British Columbia",2020-12-03,80783,4609,4024,90,10012,0,0
37,"Canada",2020-12-03,855063,45554,40125,658,69213,0,0
37,"Manitoba",2020-12-03,18162,2271,5797,96,9130,0,0
37,"New Brunswick",2020-12-03,7808,28,73,0,111,0,0
37,"Newfoundland and Labrador",2020-12-03,4466,13,23,0,29,0,0
37,"Northwest Territories",2020-12-03,339,0,0,0,0,0,0
37,"Nova Scotia",2020-12-03,11636,57,113,0,119,0,0
37,"Nunavut",2020-12-03,368,36,68,0,75,0,0
37,"Ontario",2020-12-03,356231,12878,11177,138,14755,0,0
37,"Prince Edward Island",2020-12-03,3908,12,3,0,5,0,0
37,"Quebec",2020-12-03,209215,11406,8495,224,13198,0,0
37,"Repatriated travellers",2020-12-03,0,0,0,0,0,0,0
37,"Saskatchewan",2020-12-03,21834,1916,1162,18,4016,0,0
37,"Yukon",2020-12-03,363,9,18,0,20,0,0
38,"Alberta",2020-12-10,134007,11109,11032,107,20163,0,0
38,"British Columbia",2020-12-10,76612,4766,3928,133,10525,0,0
38,"Canada",2020-12-10,901066,46299,41935,822,73184,0,0
38,"Manitoba",2020-12-10,16725,2171,1637,85,5380,0,0
38,"New Brunswick",2020-12-10,6167,25,46,1,75,0,0
38,"Newfoundland and Labrador",2020-12-10,5536,11,8,0,20,0,0
38,"Northwest Territories",2020-12-10,1059,7,0,0,0,0,0
38,"Nova Scotia",2020-12-10,11600,41,57,0,64,0,0
38,"Nunavut",2020-12-10,319,29,36,0,42,0,0
38,"Ontario",2020-12-10,393513,13735,12541,205,16193,0,0
38,"Prince Edward Island",2020-12-10,8480,5,2,0,13,0,0
38,"Quebec",2020-12-10,225163,12705,10476,264,16018,0,0
38,"Repatriated travellers",2020-12-10,0,0,0,0,0,0,0
38,"Saskatchewan",2020-12-10,21658,1694,2162,27,4681,0,0
38,"Yukon",2020-12-10,148,1,10,0,10,0,0
39,"Alberta",2020-12-17,126670,9184,11402,130,19865,0,0
39,"British Columbia",2020-12-17,75360,3924,4576,104,11100,3634,0
39,"Canada",2020-12-17,910689,46725,46506,797,76262,12362,0
39,"Manitoba",2020-12-17,15313,1555,2843,82,5829,894,0
39,"New Brunswick",2020-12-17,5750,18,23,0,56,0,0
39,"Newfoundland and Labrador",2020-12-17,6578,20,17,0,24,972,0
39,"Northwest Territories",2020-12-17,301,2,8,0,8,0,0
39,"Nova Scotia",2020-12-17,11908,28,48,0,50,1092,0
39,"Nunavut",2020-12-17,269,6,38,1,37,0,0
39,"Ontario",2020-12-17,412002,16128,13594,194,17438,0,0
39,"Prince Edward Island",2020-12-17,4014,2,11,0,17,0,0
39,"Quebec",2020-12-17,233171,14350,12107,254,17861,4728,0
39,"Repatriated travellers",2020-12-17,0,0,0,0,0,0,0
39,"Saskatchewan",2020-12-17,19206,1508,1838,32,3976,1042,0
39,"Yukon",2020-12-17,148,0,1,0,1,0,0
40,"Alberta",2020-12-24,95005,6647,9757,156,18798,4792,0
40,"British Columbia",2020-12-24,44391,3273,4729,97,10017,12447,0
40,"Canada",2020-12-24,724124,44628,46131,876,76290,46156,0
40,"Manitoba",2020-12-24,11407,1132,1059,56,4489,2177,0
40,"New Brunswick",2020-12-24,3806,11,30,0,45,2606,0
40,"Newfoundland and Labrador",2020-12-24,3262,6,11,0,24,1785,0
40,"Northwest Territories",2020-12-24,241,0,1,0,1,0,0
40,"Nova Scotia",2020-12-24,8357,25,35,0,36,2218,0
40,"Nunavut",2020-12-24,258,2,7,0,9,0,0
40,"Ontario",2020-12-24,347688,16168,14789,245,19763,0,0
40,"Prince Edward Island",2020-12-24,2315,5,6,0,5,1146,0
40,"Quebec",2020-12-24,194892,16299,13770,298,19758,17216,0
40,"Repatriated travellers",2020-12-24,0,0,0,0,0,0,0
40,"Saskatchewan",2020-12-24,12442,1059,1936,24,3345,1769,0
40,"Yukon",2020-12-24,50,1,1,0,0,0,0
41,"Alberta",2020-12-31,91604,7073,8031,147,15755,13383,0
41,"British Columbia",2020-12-31,46372,3954,5047,69,8962,24670,0
41,"Canada",2020-12-31,733420,54262,46644,897,75965,82512,0
41,"Manitoba",2020-12-31,10645,1021,968,44,4505,3432,0
41,"New Brunswick",2020-12-31,4076,97,13,1,29,2886,0
41,"Newfoundland and Labrador",2020-12-31,3121,2,11,0,20,1785,0
41,"Northwest Territories",2020-12-31,282,0,0,0,0,122,0
41,"Nova Scotia",2020-12-31,9841,37,33,0,22,2720,0
41,"Nunavut",2020-12-31,289,0,3,0,3,0,0
41,"Ontario",2020-12-31,359115,22245,15996,293,21571,0,0
41,"Prince Edward Island",2020-12-31,2080,5,3,0,6,1669,0
41,"Quebec",2020-12-31,191525,18177,14859,323,22368,28305,0
41,"Repatriated travellers",2020-12-31,0,0,0,0,0,0,0
41,"Saskatchewan",2020-12-31,14363,1645,1680,20,2698,3540,0
41,"Yukon",2020-12-31,132,6,0,0,0,0,0
42,"Alberta",2021-01-07,93189,6117,6554,175,13298,44298,724
42,"British Columbia",2021-01-07,57003,3818,5165,69,7671,60215,35
42,"Canada",2021-01-07,851815,54087,53425,1013,80692,217345,4521
42,"Manitoba",2021-01-07,13060,1159,2638,48,4505,8694,880
42,"New Brunswick",2021-01-07,10747,143,20,3,131,6241,0
42,"Newfoundland and Labrador",2021-01-07,3576,1,7,0,12,2847,853
42,"Northwest Territories",2021-01-07,398,0,0,0,0,511,0
42,"Nova Scotia",2021-01-07,11988,22,21,0,27,2755,1076
42,"Nunavut",2021-01-07,227,0,0,0,0,20,0
42,"Ontario",2021-01-07,414711,23908,20426,360,27122,0,0
42,"Prince Edward Island",2021-01-07,2761,2,2,0,8,2475,0
42,"Quebec",2021-01-07,225332,16696,17262,326,24961,83278,0
42,"Repatriated travellers",2021-01-07,0,0,0,0,0,0,0
42,"Saskatchewan",2021-01-07,18624,2217,1326,32,2948,5516,953
42,"Yukon",2021-01-07,166,4,4,0,9,495,0
43,"Alberta",2021-01-14,86756,4818,6975,116,12434,81859,4075
43,"British Columbia",2021-01-14,58943,3340,3671,73,5965,89715,47
43,"Canada",2021-01-14,836006,44165,53968,1034,77916,564921,26748
43,"Manitoba",2021-01-14,13153,1200,954,35,2886,16499,2144
43,"New Brunswick",2021-01-14,11419,189,101,1,247,7918,2565
43,"Newfoundland and Labrador",2021-01-14,3589,3,1,0,7,4250,1734
43,"Northwest Territories",2021-01-14,718,6,0,0,0,1891,0
43,"Nova Scotia",2021-01-14,12737,22,29,0,32,5740,2207
43,"Nunavut",2021-01-14,263,0,0,0,0,2141,0
43,"Ontario",2021-01-14,407462,19948,22676,395,29261,189240,10857
43,"Prince Edward Island",2021-01-14,2989,7,8,0,9,4293,1387
43,"Quebec",2021-01-14,217393,12541,17426,394,23210,145783,0
43,"Repatriated travellers",2021-01-14,0,0,0,0,0,0,0
43,"Saskatchewan",2021-01-14,20488,2091,2121,20,3863,14283,1732
43,"Yukon",2021-01-14,95,0,6,0,2,1309,0
44,"Alberta",2021-01-21,78694,3924,6171,115,10256,89557,9469
44,"British Columbia",2021-01-21,61020,3307,3214,68,5847,118150,3360
44,"Canada",2021-01-21,793049,35731,45333,1071,67099,775500,59294
44,"Manitoba",2021-01-21,13131,1103,759,25,3205,25839,3396
44,"New Brunswick",2021-01-21,14342,150,137,3,325,11516,2841
44,"Newfoundland and Labrador",2021-01-21,3307,4,4,0,9,7448,1737
44,"Northwest Territories",2021-01-21,799,1,4,0,7,9471,0
44,"Nova Scotia",2021-01-21,9684,12,23,0,21,8288,2708
44,"Nunavut",2021-01-21,325,16,0,0,0,4448,0
44,"Ontario",2021-01-21,375398,15438,19583,390,26063,249132,31441
44,"Prince Edward Island",2021-01-21,2832,0,1,0,7,5211,1884
44,"Quebec",2021-01-21,214674,10094,12629,422,18260,218827,0
44,"Repatriated travellers",2021-01-21,0,0,0,0,0,0,0
44,"Saskatchewan",2021-01-21,18757,1682,2809,48,3099,23663,2458
44,"Yukon",2021-01-21,81,0,0,0,0,3950,0
45,"Alberta",2021-01-28,72204,2730,4262,72,8041,90238,15994
45,"British Columbia",2021-01-28,65443,3061,2865,62,5940,135501,4592
45,"Canada",2021-01-28,759502,28425,37122,822,57020,859240,113649
45,"Manitoba",2021-01-28,13088,862,938,22,3456,32441,8503
45,"New Brunswick",2021-01-28,13470,127,188,2,314,12791,4465
45,"Newfoundland and Labrador",2021-01-28,3567,10,1,0,12,8353,2762
45,"Northwest Territories",2021-01-28,479,1,3,0,3,12233,118
45,"Nova Scotia",2021-01-28,9640,7,8,0,11,12090,2729
45,"Nunavut",2021-01-28,95,12,17,0,18,5464,0
45,"Ontario",2021-01-28,356752,11727,16501,347,21478,270795,68849
45,"Prince Edward Island",2021-01-28,2727,3,7,0,6,5279,2565
45,"Quebec",2021-01-28,204625,8249,10471,269,15263,239485,0
45,"Repatriated travellers",2021-01-28,28,0,0,0,0,0,0
45,"Saskatchewan",2021-01-28,17223,1636,1861,48,2478,27215,3072
45,"Yukon",2021-01-28,97,0,0,0,0,7355,0
46,"Alberta",2021-02-04,59806,2480,3316,57,6588,90668,21679
46,"British Columbia",2021-02-04,51996,3076,4524,35,5927,142999,12128
46,"Canada",2021-02-04,719113,24331,33661,649,47714,901402,173779
46,"Manitoba",2021-02-04,12163,559,2320,24,3340,33641,13643
46,"New Brunswick",2021-02-04,11851,73,159,3,257,13250,5413
46,"Newfoundland and Labrador",2021-02-04,5126,100,4,0,17,8890,4068
46,"Northwest Territories",2021-02-04,383,2,0,0,1,12830,299
46,"Nova Scotia",2021-02-04,9081,5,7,0,10,12849,5133
46,"Nunavut",2021-02-04,210,6,12,0,14,5838,286
46,"Ontario",2021-02-04,352695,9469,12719,291,16330,277440,101744
46,"Prince Edward Island",2021-02-04,2265,1,0,0,3,5302,3513
46,"Quebec",2021-02-04,195087,7147,8928,213,12962,257501,0
46,"Repatriated travellers",2021-02-04,0,0,0,0,0,0,0
46,"Saskatchewan",2021-02-04,18314,1413,1673,26,2265,29747,5394
46,"Yukon",2021-02-04,167,0,0,0,0,10447,479
47,"Alberta",2021-02-11,55913,2045,2824,70,5501,94996,50682
47,"British Columbia",2021-02-11,50518,2854,3000,48,4424,149182,22634
47,"Canada",2021-02-11,720646,20199,25025,427,37747,973060,307369
47,"Manitoba",2021-02-11,11542,589,591,17,1582,34848,20406
47,"New Brunswick",2021-02-11,9258,32,86,3,162,13646,7498
47,"Newfoundland and Labrador",2021-02-11,16735,245,17,0,213,9792,5449
47,"Northwest Territories",2021-02-11,911,8,1,0,6,13575,579
47,"Nova Scotia",2021-02-11,10535,12,7,0,11,14727,8039
47,"Nunavut",2021-02-11,310,24,9,0,9,6496,2134
47,"Ontario",2021-02-11,348149,7017,9169,133,12853,292983,174643
47,"Prince Edward Island",2021-02-11,2633,0,2,0,4,5690,4893
47,"Quebec",2021-02-11,197509,6261,7796,142,11047,293734,0
47,"Repatriated travellers",2021-02-11,0,0,0,0,0,0,0
47,"Saskatchewan",2021-02-11,16451,1110,1523,14,1935,32867,9545
47,"Yukon",2021-02-11,164,2,0,0,0,10524,867
48,"Alberta",2021-02-18,55455,2418,2662,68,4887,103236,66188
48,"British Columbia",2021-02-18,49888,3640,3052,21,4404,164163,55218
48,"Canada",2021-02-18,684117,21013,23165,375,32585,1086501,435267
48,"Manitoba",2021-02-18,12655,581,931,11,1151,36279,25197
48,"New Brunswick",2021-02-18,5827,19,71,2,112,15261,11027
48,"Newfoundland and Labrador",2021-02-18,28043,207,200,1,383,10436,6112
48,"Northwest Territories",2021-02-18,793,0,6,0,8,14517,1934
48,"Nova Scotia",2021-02-18,11201,16,9,0,13,14915,8225
48,"Nunavut",2021-02-18,261,27,21,0,27,6973,4107
48,"Ontario",2021-02-18,318028,7590,8361,164,10702,319915,235053
48,"Prince Edward Island",2021-02-18,2561,3,2,0,2,6450,5156
48,"Quebec",2021-02-18,183482,5485,6722,91,9378,345979,0
48,"Repatriated travellers",2021-02-18,0,0,0,0,0,0,0
48,"Saskatchewan",2021-02-18,15778,1027,1126,17,1516,37764,15960
48,"Yukon",2021-02-18,136,0,2,0,2,10613,1090
49,"Alberta",2021-02-25,54960,2421,2281,36,4484,139961,87407
49,"British Columbia",2021-02-25,57844,3559,3600,34,4653,192637,84022
49,"Canada",2021-02-25,736406,20365,20598,298,30446,1381403,538399
49,"Manitoba",2021-02-25,12320,413,446,14,1206,46651,28976
49,"New Brunswick",2021-02-25,5324,12,37,2,50,21676,12132
49,"Newfoundland and Labrador",2021-02-25,6825,35,228,1,337,16623,8212
49,"Northwest Territories",2021-02-25,419,0,2,0,4,15214,4558
49,"Nova Scotia",2021-02-25,25671,30,21,0,27,19734,12618
49,"Nunavut",2021-02-25,230,8,27,0,25,7396,5081
49,"Ontario",2021-02-25,359635,7590,7122,121,10071,425162,261923
49,"Prince Edward Island",2021-02-25,7637,20,1,0,6,7363,5212
49,"Quebec",2021-02-25,188265,5198,5770,80,8090,431743,0
49,"Repatriated travellers",2021-02-25,0,0,0,0,0,0,0
49,"Saskatchewan",2021-02-25,17186,1079,1063,10,1493,46285,23456
49,"Yukon",2021-02-25,88,0,0,0,0,10958,4802
50,"Alberta",2021-03-04,57555,2319,2479,26,4613,202240,90618
50,"British Columbia",2021-03-04,60175,3741,3490,22,4808,247428,87059
50,"Canada",2021-03-04,731769,21176,20438,231,29904,1854791,573661
50,"Manitoba",2021-03-04,12200,418,375,7,1144,59400,30362
50,"New Brunswick",2021-03-04,7442,22,24,1,37,26308,12142
50,"Newfoundland and Labrador",2021-03-04,6127,13,88,0,125,21087,9136
50,"Northwest Territories",2021-03-04,409,0,1,0,1,17053,11149
50,"Nova Scotia",2021-03-04,32713,19,25,0,29,25011,14433
50,"Nunavut",2021-03-04,229,22,8,0,14,9194,5458
50,"Ontario",2021-03-04,358746,8665,7666,85,10309,619315,271832
50,"Prince Edward Island",2021-03-04,6561,6,0,0,23,8666,5507
50,"Quebec",2021-03-04,172013,4982,5277,78,7379,548031,0
50,"Repatriated travellers",2021-03-04,0,0,0,0,0,0,0
50,"Saskatchewan",2021-03-04,17502,969,1005,12,1422,56493,27372
50,"Yukon",2021-03-04,84,0,0,0,0,14565,8593
51,"Alberta",2021-03-11,60358,2849,2366,28,4488,288021,91537
51,"British Columbia",2021-03-11,59322,3777,3774,17,4993,323058,87180
51,"Canada",2021-03-11,711420,22514,21123,221,30673,2500024,597764
51,"Manitoba",2021-03-11,13122,576,716,9,1204,72282,33131
51,"New Brunswick",2021-03-11,4648,17,8,1,35,39168,12155
51,"Newfoundland and Labrador",2021-03-11,7225,3,41,0,72,27418,9242
51,"Northwest Territories",2021-03-11,308,0,0,0,1,19680,12387
51,"Nova Scotia",2021-03-11,15461,9,18,0,19,31964,16113
51,"Nunavut",2021-03-11,563,14,22,3,20,10276,6038
51,"Ontario",2021-03-11,347929,9528,8239,88,11283,874937,285667
51,"Prince Edward Island",2021-03-11,3527,1,25,0,28,10386,5596
51,"Quebec",2021-03-11,181556,4798,4862,66,7135,714029,0
51,"Repatriated travellers",2021-03-11,0,0,0,0,0,0,0
51,"Saskatchewan",2021-03-11,17324,942,1052,9,1395,69628,28356
51,"Yukon",2021-03-11,75,0,0,0,0,19177,10362
52,"Alberta",2021-03-18,69940,3925,2292,17,5084,388455,93025
52,"British Columbia",2021-03-18,55992,4542,3774,30,2017,453352,87280
52,"Canada",2021-03-18,717026,27111,21426,202,29280,3402773,630384
52,"Manitoba",2021-03-18,14027,591,357,11,1089,90578,43408
52,"New Brunswick",2021-03-18,5076,39,19,0,49,49610,12164
52,"Newfoundland and Labrador",2021-03-18,3592,2,35,0,38,38915,9561
52,"Northwest Territories",2021-03-18,283,0,0,0,1,22107,13281
52,"Nova Scotia",2021-03-18,13854,22,12,1,17,40820,20100
52,"Nunavut",2021-03-18,192,0,11,0,2,11858,6465
52,"Ontario",2021-03-18,328783,11734,9123,76,12814,1225457,298415
52,"Prince Edward Island",2021-03-18,3492,8,4,0,4,12995,5615
52,"Quebec",2021-03-18,200292,5040,4899,57,6883,945382,0
52,"Repatriated travellers",2021-03-18,0,0,0,0,0,0,0
52,"Saskatchewan",2021-03-18,21417,1208,900,10,1282,101100,30595
52,"Yukon",2021-03-18,89,0,0,0,0,22144,10475
53,"Alberta",2021-03-25,80120,4785,2952,17,6835,504407,96131
53,"British Columbia",2021-03-25,59703,6079,4209,17,5972,613835,87439
53,"Canada",2021-03-25,786039,35750,24782,201,38920,4533036,668042
53,"Manitoba",2021-03-25,14379,530,605,7,1107,117810,54940
53,"New Brunswick",2021-03-25,8862,97,24,0,90,80178,12195
53,"Newfoundland and Labrador",2021-03-25,3880,4,4,0,5,51244,9647
53,"Northwest Territories",2021-03-25,328,0,1,0,0,23715,13931
53,"Nova Scotia",2021-03-25,16758,20,21,0,25,64681,24294
53,"Nunavut",2021-03-25,125,0,0,0,0,13141,6857
53,"Ontario",2021-03-25,347568,16213,11002,103,16081,1672351,309157
53,"Prince Edward Island",2021-03-25,4012,7,1,0,9,15289,6399
53,"Quebec",2021-03-25,224203,6601,4960,41,7173,1218798,0
53,"Repatriated travellers",2021-03-25,0,0,0,0,0,0,0
53,"Saskatchewan",2021-03-25,25987,1412,1003,16,1623,134559,36292
53,"Yukon",2021-03-25,88,2,0,0,0,23028,10760
54,"Alberta",2021-04-01,82134,7144,4018,12,8653,600594,111986
54,"British Columbia",2021-04-01,61268,6937,5560,33,7685,807444,87607
54,"Canada",2021-04-01,809927,45929,31439,214,49565,5788394,716100
54,"Manitoba",2021-04-01,12318,539,413,8,1176,147826,61511
54,"New Brunswick",2021-04-01,6500,66,37,1,142,110912,12278
54,"Newfoundland and Labrador",2021-04-01,3952,2,1,0,8,78734,9663
54,"Northwest Territories",2021-04-01,262,1,0,0,0,24097,14469
54,"Nova Scotia",2021-04-01,17924,33,19,0,24,83796,29531
54,"Nunavut",2021-04-01,119,0,0,0,0,13415,8336
54,"Ontario",2021-04-01,356756,20914,13601,109,20875,2171573,321818
54,"Prince Edward Island",2021-04-01,3054,1,7,0,13,19810,7607
54,"Quebec",2021-04-01,241571,8711,6392,42,9038,1524363,0
54,"Repatriated travellers",2021-04-01,0,0,0,0,0,0,0
54,"Saskatchewan",2021-04-01,23997,1581,1389,9,1949,182416,39158
54,"Yukon",2021-04-01,75,0,2,0,2,23414,12136
55,"Alberta",2021-04-08,98355,9055,4923,27,12187,728292,164357
55,"British Columbia",2021-04-08,79132,7885,6734,30,9323,1022228,87819
55,"Canada",2021-04-08,910160,59115,40774,272,64441,7339540,819000
55,"Manitoba",2021-04-08,16345,881,727,11,1063,215922,68515
55,"New Brunswick",2021-04-08,7557,73,93,2,147,135799,15777
55,"Newfoundland and Labrador",2021-04-08,4903,13,3,0,9,100594,9674
55,"Northwest Territories",2021-04-08,480,0,0,0,1,24740,16469
55,"Nova Scotia",2021-04-08,15000,34,29,0,40,116818,31119
55,"Nunavut",2021-04-08,111,0,0,0,0,13730,9463
55,"Ontario",2021-04-08,383058,28018,18434,135,28059,2808322,332966
55,"Prince Edward Island",2021-04-08,4074,5,7,0,5,26305,8756
55,"Quebec",2021-04-08,277605,11229,8310,54,11452,1873379,15817
55,"Repatriated travellers",2021-04-08,0,0,0,0,0,0,0
55,"Saskatchewan",2021-04-08,23463,1920,1514,13,2155,249539,41492
55,"Yukon",2021-04-08,89,2,0,0,0,23872,16776
56,"Alberta",2021-04-15,107286,10699,6069,23,16223,932880,232326
56,"British Columbia",2021-04-15,72618,6881,7679,25,10220,1289370,88238
56,"Canada",2021-04-15,916829,60307,51027,322,83151,9195114,930098
56,"Manitoba",2021-04-15,27110,1094,692,7,1528,267700,69767
56,"New Brunswick",2021-04-15,8221,52,54,1,139,182669,18847
56,"Newfoundland and Labrador",2021-04-15,6985,15,2,0,19,122808,9674
56,"Northwest Territories",2021-04-15,336,2,1,0,1,25369,19269
56,"Nova Scotia",2021-04-15,16018,73,35,1,42,173886,32482
56,"Nunavut",2021-04-15,492,34,1,0,1,14252,10932
56,"Ontario",2021-04-15,378171,30288,24000,179,38341,3493866,345786
56,"Prince Edward Island",2021-04-15,3983,9,2,0,8,33368,9567
56,"Quebec",2021-04-15,271832,9366,10730,75,14018,2325260,30233
56,"Repatriated travellers",2021-04-15,0,0,0,0,0,0,0
56,"Saskatchewan",2021-04-15,23659,1792,1761,11,2609,309369,42878
56,"Yukon",2021-04-15,118,2,1,0,2,24317,20099
57,"Alberta",2021-04-22,116861,11449,10666,21,19182,1127370,270640
57,"British Columbia",2021-04-22,68269,6138,7018,30,8972,1543065,89169
57,"Canada",2021-04-22,891785,55274,60733,345,86776,11132592,1020449
57,"Manitoba",2021-04-22,24528,1580,1196,10,1680,349534,71415
57,"New Brunswick",2021-04-22,9042,86,100,2,147,219257,24169
57,"Newfoundland and Labrador",2021-04-22,4730,17,17,0,30,147423,9696
57,"Northwest Territories",2021-04-22,1043,6,2,0,3,25851,20941
57,"Nova Scotia",2021-04-22,53124,434,24,0,111,238566,34815
57,"Nunavut",2021-04-22,1060,49,32,0,36,15158,12180
57,"Ontario",2021-04-22,329005,26483,30348,199,41962,4268812,360337
57,"Prince Edward Island",2021-04-22,5081,5,7,0,12,39530,10279
57,"Quebec",2021-04-22,253955,7293,9496,65,12124,2773207,51730
57,"Repatriated travellers",2021-04-22,0,0,0,0,0,0,0
57,"Saskatchewan",2021-04-22,24993,1731,1822,17,2515,360002,43551
57,"Yukon",2021-04-22,89,3,5,1,2,24817,21527
58,"Alberta",2021-04-29,125197,14245,10998,29,21385,1305432,293722
58,"British Columbia",2021-04-29,68803,5036,6195,18,8228,1781618,91895
58,"Canada",2021-04-29,954447,54604,55941,338,83447,12779536,1123679
58,"Manitoba",2021-04-29,26703,1870,1289,11,2258,412267,73209
58,"New Brunswick",2021-04-29,11930,79,53,3,119,243986,27224
58,"Newfoundland and Labrador",2021-04-29,5023,48,17,0,31,171285,9665
58,"Northwest Territories",2021-04-29,943,34,6,0,6,26327,21672
58,"Nova Scotia",2021-04-29,110077,892,176,2,548,283812,36599
58,"Nunavut",2021-04-29,1036,62,30,0,61,16050,12528
58,"Ontario",2021-04-29,319230,24027,27705,199,38438,4951946,375308
58,"Prince Edward Island",2021-04-29,4783,4,8,0,11,45383,10638
58,"Quebec",2021-04-29,257015,6700,7697,61,9954,3109455,104371
58,"Repatriated travellers",2021-04-29,0,0,0,0,0,0,0
58,"Saskatchewan",2021-04-29,23560,1606,1767,15,2408,406783,44514
58,"Yukon",2021-04-29,160,1,0,0,0,25192,22334
59,"Alberta",2021-05-06,119451,12711,11884,21,24497,1556400,309929
59,"British Columbia",2021-05-06,62225,4298,5272,31,6999,2048120,106276
59,"Canada",2021-05-06,873460,48454,53121,315,81347,14772158,1252998
59,"Manitoba",2021-05-06,30053,3061,1880,17,2728,473652,75761
59,"New Brunswick",2021-05-06,9594,55,75,2,143,277729,30240
59,"Newfoundland and Labrador",2021-05-06,5333,52,29,0,62,193584,9673
59,"Northwest Territories",2021-05-06,1890,29,6,0,47,27303,22499
59,"Nova Scotia",2021-05-06,51795,1115,699,2,1309,326139,37699
59,"Nunavut",2021-05-06,940,54,67,0,86,16414,12877
59,"Ontario",2021-05-06,292864,19779,24606,187,34377,5754150,392994
59,"Prince Edward Island",2021-05-06,5282,4,3,0,9,52598,10936
59,"Quebec",2021-05-06,271367,5811,6902,48,8907,3538616,174917
59,"Repatriated travellers",2021-05-06,0,0,0,0,0,0,0
59,"Saskatchewan",2021-05-06,22602,1483,1697,7,2182,481722,46380
59,"Yukon",2021-05-06,107,2,1,0,1,25731,22817
60,"Alberta",2021-05-13,87712,7832,13946,35,24586,1850072,320274
60,"British Columbia",2021-05-13,55267,3373,4461,33,5868,2392600,130430
60,"Canada",2021-05-13,752983,36594,51386,301,75479,17140068,1518405
60,"Manitoba",2021-05-13,28403,3173,2545,17,4044,560533,80883
60,"New Brunswick",2021-05-13,9346,67,72,2,128,323355,33394
60,"Newfoundland and Labrador",2021-05-13,6677,46,49,0,86,225770,9881
60,"Northwest Territories",2021-05-13,1626,12,52,0,44,28353,22956
60,"Nova Scotia",2021-05-13,53789,703,1055,3,1572,388511,39205
60,"Nunavut",2021-05-13,853,40,46,0,74,16708,13302
60,"Ontario",2021-05-13,260234,15278,21673,151,29235,6638361,429868
60,"Prince Edward Island",2021-05-13,4725,12,6,0,7,62125,11754
60,"Quebec",2021-05-13,222477,4779,5954,46,7795,4073238,354465
60,"Repatriated travellers",2021-05-13,0,0,0,0,0,0,0
60,"Saskatchewan",2021-05-13,21874,1279,1525,14,2038,554200,48757
60,"Yukon",2021-05-13,88,0,2,0,2,26242,23236
61,"Alberta",2021-05-20,55116,3957,11777,40,17675,1854382,320916
61,"British Columbia",2021-05-20,47043,2290,3532,25,4771,2738510,147620
61,"Canada",2021-05-20,618232,25717,42246,294,59962,19232248,1754747
61,"Manitoba",2021-05-20,27230,3041,2781,18,4653,643349,86795
61,"New Brunswick",2021-05-20,9116,72,54,0,118,386865,36862
61,"Newfoundland and Labrador",2021-05-20,6619,61,46,0,76,260190,10459
61,"Northwest Territories",2021-05-20,427,1,15,0,12,28883,23336
61,"Nova Scotia",2021-05-20,46565,424,894,5,1143,460948,41453
61,"Nunavut",2021-05-20,681,13,54,0,55,17030,14109
61,"Ontario",2021-05-20,223765,11355,16891,153,23026,7537294,532103
61,"Prince Edward Island",2021-05-20,3786,1,2,0,14,71327,12299
61,"Quebec",2021-05-20,179458,3483,4843,47,6634,4602185,446951
61,"Repatriated travellers",2021-05-20,0,0,0,0,0,0,0
61,"Saskatchewan",2021-05-20,18426,1019,1357,6,1785,604637,58130
61,"Yukon",2021-05-20,68,0,0,0,0,26648,23714
62,"Alberta",2021-05-27,44684,2704,7319,33,10017,2357833,379920
62,"British Columbia",2021-05-27,42714,1781,2721,24,3645,3061385,180584
62,"Canada",2021-05-27,555584,17169,32429,252,42102,21579682,2169274
62,"Manitoba",2021-05-27,22923,2221,2722,28,4636,728662,105636
62,"New Brunswick",2021-05-27,10295,64,58,0,138,432047,40844
62,"Newfoundland and Labrador",2021-05-27,9600,61,64,0,93,290038,11446
62,"Northwest Territories",2021-05-27,457,1,4,0,3,29562,23905
62,"Nova Scotia",2021-05-27,38010,169,639,8,638,537868,43461
62,"Nunavut",2021-05-27,751,1,14,0,21,17230,14943
62,"Ontario",2021-05-27,201191,6846,13796,113,16541,8298869,689636
62,"Prince Edward Island",2021-05-27,3878,4,13,0,10,79800,13430
62,"Quebec",2021-05-27,164332,2352,3972,33,4978,5077136,558172
62,"Repatriated travellers",2021-05-27,0,0,0,0,0,0,0
62,"Saskatchewan",2021-05-27,16749,965,1107,13,1382,642300,83160
62,"Yukon",2021-05-27,62,0,0,0,0,26952,24137
63,"Alberta",2021-06-03,40598,1643,3719,25,5831,2511236,519870
63,"British Columbia",2021-06-03,39828,1176,1868,18,2620,3307406,315661
63,"Canada",2021-06-03,495046,11540,20189,231,27787,23312102,3050407
63,"Manitoba",2021-06-03,18494,1824,2285,19,4176,786098,146346
63,"New Brunswick",2021-06-03,9297,53,87,1,147,484410,47077
63,"Newfoundland and Labrador",2021-06-03,9036,26,62,1,94,318238,17355
63,"Northwest Territories",2021-06-03,412,0,0,0,0,25647,21352
63,"Nova Scotia",2021-06-03,27155,114,258,1,273,590905,44544
63,"Nunavut",2021-06-03,455,1,9,0,9,17798,15045
63,"Ontario",2021-06-03,181513,4596,8307,129,9961,8963082,1033695
63,"Prince Edward Island",2021-06-03,3021,2,1,0,6,89736,14397
63,"Quebec",2021-06-03,151399,1472,2647,26,3356,5529406,713542
63,"Repatriated travellers",2021-06-03,0,0,0,0,0,0,0
63,"Saskatchewan",2021-06-03,13838,625,946,11,1314,660941,137019
63,"Yukon",2021-06-03,110,8,0,0,0,27199,24504
64,"Alberta",2021-06-10,39795,1087,2630,22,3810,2589472,753168
64,"British Columbia",2021-06-10,39873,831,1343,13,1953,3419622,613871
64,"Canada",2021-06-10,466944,8326,14419,156,19271,24407293,4871199
64,"Manitoba",2021-06-10,18146,1333,2293,29,3599,825173,200869
64,"New Brunswick",2021-06-10,9083,25,71,1,102,510093,76377
64,"Newfoundland and Labrador",2021-06-10,7521,22,40,0,55,343290,25870
64,"Northwest Territories",2021-06-10,394,0,0,0,0,26067,22537
64,"Nova Scotia",2021-06-10,31831,52,122,2,147,644668,50863
64,"Nunavut",2021-06-10,685,8,1,0,2,18231,15380
64,"Ontario",2021-06-10,166408,3323,5419,66,6464,9413440,1799775
64,"Prince Edward Island",2021-06-10,3532,0,5,0,4,99261,17287
64,"Quebec",2021-06-10,135981,1083,1738,13,2206,5809723,1060064
64,"Repatriated travellers",2021-06-10,0,0,0,0,0,0,0
64,"Saskatchewan",2021-06-10,13695,534,753,9,917,680783,210152
64,"Yukon",2021-06-10,379,28,4,1,12,27470,24986
65,"Alberta",2021-06-17,36110,710,1659,14,2471,2638391,1075053
65,"British Columbia",2021-06-17,37638,597,934,6,1476,3475832,898537
65,"Canada",2021-06-17,454828,5786,10110,176,13437,25036920,7330967
65,"Manitoba",2021-06-17,14827,855,1839,22,2526,849464,285105
65,"New Brunswick",2021-06-17,5718,15,30,0,61,521178,129727
65,"Newfoundland and Labrador",2021-06-17,5961,2,24,0,36,363831,46728
65,"Northwest Territories",2021-06-17,286,0,0,0,0,26530,23279
65,"Nova Scotia",2021-06-17,30729,34,64,2,97,687356,82726
65,"Nunavut",2021-06-17,487,0,8,0,8,19818,15746
65,"Ontario",2021-06-17,166902,2209,3732,107,4390,9677721,2877663
65,"Prince Edward Island",2021-06-17,2575,0,0,0,0,108898,20045
65,"Quebec",2021-06-17,141058,852,1253,21,1574,5941900,1563676
65,"Repatriated travellers",2021-06-17,0,0,0,0,0,0,0
65,"Saskatchewan",2021-06-17,12537,412,528,4,752,697936,287036
65,"Yukon",2021-06-17,705,100,39,0,46,28065,25646
66,"Alberta",2021-06-24,37735,419,1031,9,1580,2663494,1292072
66,"British Columbia",2021-06-24,34487,350,649,10,1133,3549916,1319651
66,"Canada",2021-06-24,423647,4359,6795,119,9343,25454731,10321362
66,"Manitoba",2021-06-24,12609,580,963,8,1714,870030,435269
66,"New Brunswick",2021-06-24,3989,12,31,0,41,531111,199777
66,"Newfoundland and Labrador",2021-06-24,4857,2,10,0,11,378807,79374
66,"Northwest Territories",2021-06-24,242,0,0,0,0,26879,23757
66,"Nova Scotia",2021-06-24,23730,43,48,0,59,698309,168241
66,"Nunavut",2021-06-24,434,0,0,0,0,20958,16102
66,"Ontario",2021-06-24,168966,1878,2578,75,2938,9864684,4169080
66,"Prince Edward Island",2021-06-24,1638,1,0,0,0,114335,28330
66,"Quebec",2021-06-24,124207,635,916,12,1164,5996061,2160492
66,"Repatriated travellers",2021-06-24,0,0,0,0,0,0,0
66,"Saskatchewan",2021-06-24,10753,317,486,3,605,709849,402638
66,"Yukon",2021-06-24,585,122,83,2,98,30298,26579
67,"Alberta",2021-07-01,32635,349,653,6,1122,2717742,1776325
67,"British Columbia",2021-07-01,34271,235,423,5,884,3603679,1672835
67,"Canada",2021-07-01,380366,3343,4862,93,7371,25810950,13646770
67,"Manitoba",2021-07-01,9664,414,811,14,1481,894428,583472
67,"New Brunswick",2021-07-01,3551,4,17,1,25,537762,274357
67,"Newfoundland and Labrador",2021-07-01,4024,14,5,0,9,384504,108647
67,"Northwest Territories",2021-07-01,205,0,0,0,0,27138,24190
67,"Nova Scotia",2021-07-01,22326,26,42,0,51,703055,276930
67,"Nunavut",2021-07-01,202,0,0,0,0,21405,16467
67,"Ontario",2021-07-01,157450,1514,1874,56,2265,10006851,5556575
67,"Prince Edward Island",2021-07-01,1303,1,0,0,1,117161,37010
67,"Quebec",2021-07-01,103727,508,659,9,980,6047440,2802878
67,"Repatriated travellers",2021-07-01,0,0,0,0,0,0,0
67,"Saskatchewan",2021-07-01,11008,185,299,2,420,719115,489784
67,"Yukon",2021-07-01,573,93,79,0,133,30670,27300
68,"Alberta",2021-07-08,40242,246,418,4,697,2747926,1984720
68,"British Columbia",2021-07-08,44146,372,362,1,664,3650613,2070975
68,"Canada",2021-07-08,465002,3192,3761,71,5524,26129583,16622731
68,"Manitoba",2021-07-08,11077,405,401,9,1014,914318,676457
68,"New Brunswick",2021-07-08,4408,0,8,0,10,545780,347008
68,"Newfoundland and Labrador",2021-07-08,3190,10,1,0,18,392429,154100
68,"Northwest Territories",2021-07-08,238,0,0,0,0,27364,24603
68,"Nova Scotia",2021-07-08,20788,8,19,0,39,711307,393450
68,"Nunavut",2021-07-08,203,0,0,0,0,21899,17200
68,"Ontario",2021-07-08,155702,1151,1473,41,1816,10142704,6859065
68,"Prince Edward Island",2021-07-08,1112,0,2,0,2,119632,48259
68,"Quebec",2021-07-08,173090,679,740,12,716,6095711,3460944
68,"Repatriated travellers",2021-07-08,0,0,0,0,0,0,0
68,"Saskatchewan",2021-07-08,10806,272,236,3,415,728838,557840
68,"Yukon",2021-07-08,573,49,101,1,133,31062,28110
69,"Alberta",2021-07-15,39670,374,287,7,578,2779941,2239847
69,"British Columbia",2021-07-15,43141,413,325,3,666,3689083,2441919
69,"Canada",2021-07-15,380780,2704,2816,54,4846,26429361,19104915
69,"Manitoba",2021-07-15,11544,280,344,3,971,929567,734336
69,"New Brunswick",2021-07-15,4371,10,5,0,9,552408,401185
69,"Newfoundland and Labrador",2021-07-15,2175,27,1,0,50,397427,194224
69,"Northwest Territories",2021-07-15,187,0,0,0,0,27609,25073
69,"Nova Scotia",2021-07-15,19638,10,26,0,22,724947,485212
69,"Nunavut",2021-07-15,108,0,0,0,0,22372,18705
69,"Ontario",2021-07-15,149890,1047,1156,35,1443,10269103,7847927
69,"Prince Edward Island",2021-07-15,1067,0,0,0,0,121771,58639
69,"Quebec",2021-07-15,100123,286,315,4,655,6147597,4033393
69,"Repatriated travellers",2021-07-15,0,0,0,0,0,0,0
69,"Saskatchewan",2021-07-15,8866,214,288,2,373,736230,595771
69,"Yukon",2021-07-15,959,43,69,0,79,31306,28684
70,"Alberta",2021-07-22,43875,919,227,6,676,2803897,2381204
70,"British Columbia",2021-07-22,50885,803,614,8,789,3723811,2835304
70,"Canada",2021-07-22,356576,4159,3295,57,4507,26689703,21174844
70,"Manitoba",2021-07-22,11877,235,643,9,533,943121,785865
70,"New Brunswick",2021-07-22,4094,8,7,0,9,559527,444569
70,"Newfoundland and Labrador",2021-07-22,1910,0,44,0,53,399946,234600
70,"Northwest Territories",2021-07-22,235,0,0,0,0,27803,25515
70,"Nova Scotia",2021-07-22,18737,5,7,1,11,728671,556502
70,"Nunavut",2021-07-22,85,0,0,0,0,22611,19252
70,"Ontario",2021-07-22,118713,1125,1056,25,1363,10383281,8572101
70,"Prince Edward Island",2021-07-22,1005,0,0,0,0,123085,69578
70,"Quebec",2021-07-22,95276,704,460,5,721,6199110,4595584
70,"Repatriated travellers",2021-07-22,0,0,0,0,0,0,0
70,"Saskatchewan",2021-07-22,9884,305,202,3,287,743338,625601
70,"Yukon",2021-07-22,422,55,35,0,65,31502,29169
71,"Alberta",2021-07-29,44870,1369,418,0,1521,2825516,2465550
71,"British Columbia",2021-07-29,58632,1529,653,1,1065,3757483,3095931
71,"Canada",2021-07-29,362520,6052,3332,45,5965,26927832,22623414
71,"Manitoba",2021-07-29,11008,201,180,6,525,958899,849694
71,"New Brunswick",2021-07-29,3992,42,9,0,13,565011,469495
71,"Newfoundland and Labrador",2021-07-29,1649,4,0,0,9,403456,268363
71,"Northwest Territories",2021-07-29,202,1,1,0,0,27973,25886
71,"Nova Scotia",2021-07-29,16928,10,8,0,10,736474,617379
71,"Nunavut",2021-07-29,90,0,0,0,0,22800,19724
71,"Ontario",2021-07-29,117352,1391,1044,35,1424,10485065,9037576
71,"Prince Edward Island",2021-07-29,1064,3,0,0,0,124384,80170
71,"Quebec",2021-07-29,97117,1123,724,0,914,6239807,5016232
71,"Repatriated travellers",2021-07-29,0,0,0,0,0,0,0
71,"Saskatchewan",2021-07-29,9616,351,243,1,412,749234,647941
71,"Yukon",2021-07-29,413,28,52,2,72,31730,29473
72,"Alberta",2021-08-05,45585,2563,1073,7,2531,2842134,2511811
72,"British Columbia",2021-08-05,68118,2876,1037,6,2093,3787832,3249353
72,"Canada",2021-08-05,411549,10560,5096,73,8967,27116673,23512564
72,"Manitoba",2021-08-05,11300,211,147,2,528,965803,868593
72,"New Brunswick",2021-08-05,5776,64,34,0,51,569169,482818
72,"Newfoundland and Labrador",2021-08-05,1463,2,3,0,13,407370,298445
72,"Northwest Territories",2021-08-05,202,2,0,0,0,28146,26167
72,"Nova Scotia",2021-08-05,19562,16,8,0,15,744097,649491
72,"Nunavut",2021-08-05,60,0,0,0,0,22962,20008
72,"Ontario",2021-08-05,132162,2324,1351,52,1706,10553582,9320603
72,"Prince Edward Island",2021-08-05,1238,5,0,0,4,125512,90720
72,"Quebec",2021-08-05,114760,1881,1016,1,1472,6284820,5304516
72,"Repatriated travellers",2021-08-05,0,0,0,0,0,0,0
72,"Saskatchewan",2021-08-05,11323,590,386,5,503,753307,660196
72,"Yukon",2021-08-05,298,26,41,0,51,31939,29843
73,"Alberta",2021-08-12,51030,3624,1453,7,4101,2858602,2548887
73,"British Columbia",2021-08-12,78068,3718,1656,4,3881,3815915,3383552
73,"Canada",2021-08-12,452259,14878,7572,73,14734,27313314,24264491
73,"Manitoba",2021-08-12,12609,192,183,5,586,971605,886001
73,"New Brunswick",2021-08-12,6501,99,55,0,69,572862,494542
73,"Newfoundland and Labrador",2021-08-12,1370,13,6,0,12,411260,324030
73,"Northwest Territories",2021-08-12,365,128,2,0,1,28373,26572
73,"Nova Scotia",2021-08-12,19564,27,21,0,24,747651,661688
73,"Nunavut",2021-08-12,110,0,0,0,0,23136,20277
73,"Ontario",2021-08-12,147106,3471,1996,19,2868,10624677,9565127
73,"Prince Edward Island",2021-08-12,1380,5,5,0,8,126392,100592
73,"Quebec",2021-08-12,121324,2717,1690,36,2354,6343427,5553171
73,"Repatriated travellers",2021-08-12,0,0,0,0,0,0,0
73,"Saskatchewan",2021-08-12,12832,860,473,2,790,757363,669969
73,"Yukon",2021-08-12,275,24,32,0,40,32051,30083
74,"Alberta",2021-08-19,57154,5243,2662,18,6367,2876600,2582605
74,"British Columbia",2021-08-19,82238,4402,4567,20,6095,3841612,3463367
74,"Canada",2021-08-19,489660,19132,14371,95,21855,27523579,24884690
74,"Manitoba",2021-08-19,12612,315,484,1,297,976886,899858
74,"New Brunswick",2021-08-19,7503,138,89,0,131,576960,503817
74,"Newfoundland and Labrador",2021-08-19,1849,6,5,0,19,413918,348969
74,"Northwest Territories",2021-08-19,892,99,1,1,128,28788,26877
74,"Nova Scotia",2021-08-19,21401,51,25,1,32,750104,673955
74,"Nunavut",2021-08-19,117,0,0,0,0,23365,20556
74,"Ontario",2021-08-19,167561,4377,3263,41,4243,10712555,9756368
74,"Prince Edward Island",2021-08-19,1358,4,6,0,8,127262,108910
74,"Quebec",2021-08-19,120967,3260,2498,7,3285,6400901,5790107
74,"Repatriated travellers",2021-08-19,0,0,0,0,0,0,0
74,"Saskatchewan",2021-08-19,16008,1214,747,6,1203,762464,678988
74,"Yukon",2021-08-19,328,23,24,0,47,32164,30313
75,"Alberta",2021-08-26,70640,7571,3750,27,9066,2898859,2616799
75,"British Columbia",2021-08-26,89991,4884,4231,16,5793,3888929,3531323
75,"Canada",2021-08-26,538528,23699,16801,107,26885,27763468,25386199
75,"Manitoba",2021-08-26,14216,324,250,1,443,983935,914349
75,"New Brunswick",2021-08-26,8451,77,114,0,158,581700,519693
75,"Newfoundland and Labrador",2021-08-26,3054,24,10,0,20,416570,362859
75,"Northwest Territories",2021-08-26,1218,103,213,0,244,29166,27186
75,"Nova Scotia",2021-08-26,19437,49,39,0,50,755395,687598
75,"Nunavut",2021-08-26,248,0,0,0,0,23544,20799
75,"Ontario",2021-08-26,173906,4909,4144,44,5305,10797333,9913501
75,"Prince Edward Island",2021-08-26,1374,8,6,0,6,128068,113167
75,"Quebec",2021-08-26,135029,3899,3039,4,4169,6459251,5961147
75,"Repatriated travellers",2021-08-26,0,0,0,0,0,0,0
75,"Saskatchewan",2021-08-26,20964,1843,984,15,1602,768407,687223
75,"Yukon",2021-08-26,451,8,21,0,29,32311,30555
76,"Alberta",2021-09-02,78323,8809,5439,42,12868,2925095,2649799
76,"British Columbia",2021-09-02,86611,4711,4893,24,6270,3925357,3581541
76,"Canada",2021-09-02,545485,26284,21053,145,33493,28005087,25764257
76,"Manitoba",2021-09-02,13909,302,342,8,430,995895,929823
76,"New Brunswick",2021-09-02,6787,94,108,1,122,582066,520680
76,"Newfoundland and Labrador",2021-09-02,5447,34,21,0,34,418923,371370
76,"Northwest Territories",2021-09-02,748,61,65,0,123,29390,27365
76,"Nova Scotia",2021-09-02,20935,52,51,0,60,758774,695171
76,"Nunavut",2021-09-02,198,1,0,0,0,23709,20964
76,"Ontario",2021-09-02,168638,5126,4894,53,6031,10886925,10032786
76,"Prince Edward Island",2021-09-02,1822,3,7,0,8,128814,115728
76,"Quebec",2021-09-02,140706,4538,3634,8,5058,6522870,6093091
76,"Repatriated travellers",2021-09-02,0,0,0,0,0,0,0
76,"Saskatchewan",2021-09-02,21361,2547,1588,8,2466,774851,695216
76,"Yukon",2021-09-02,402,6,11,1,23,32418,30723
77,"Alberta",2021-09-09,90123,10766,7893,70,15977,2947934,2672005
77,"British Columbia",2021-09-09,83056,4916,4666,31,6021,3961804,3621544
77,"Canada",2021-09-09,601395,30116,24922,198,38133,28259901,26113226
77,"Manitoba",2021-09-09,16053,413,263,5,456,1004844,940002
77,"New Brunswick",2021-09-09,8201,261,79,1,122,590323,534004
77,"Newfoundland and Labrador",2021-09-09,6819,31,22,0,47,421222,375906
77,"Northwest Territories",2021-09-09,1369,157,87,0,107,29665,27612
77,"Nova Scotia",2021-09-09,19450,170,72,0,74,764090,704444
77,"Nunavut",2021-09-09,351,1,1,0,1,23999,21124
77,"Ontario",2021-09-09,169922,5057,5101,60,6056,10997962,10172209
77,"Prince Edward Island",2021-09-09,3280,24,1,0,4,129467,117665
77,"Quebec",2021-09-09,177704,5391,4519,17,5837,6575570,6193860
77,"Repatriated travellers",2021-09-09,0,0,0,0,0,0,0
77,"Saskatchewan",2021-09-09,25067,2914,2207,14,3415,780504,701971
77,"Yukon",2021-09-09,515,15,11,0,16,32517,30880
78,"Alberta",2021-09-16,109446,11226,9244,99,18706,3031198,2725104
78,"British Columbia",2021-09-16,86249,4457,4756,37,6226,4007201,3668426
78,"Canada",2021-09-16,708621,30181,27486,232,43148,28566606,26478918
78,"Manitoba",2021-09-16,19301,403,402,4,599,1013099,950033
78,"New Brunswick",2021-09-16,12931,448,183,1,337,596068,540322
78,"Newfoundland and Labrador",2021-09-16,7586,58,30,0,56,423500,382338
78,"Northwest Territories",2021-09-16,1050,155,97,1,195,29884,27931
78,"Nova Scotia",2021-09-16,24035,151,183,0,173,771532,713839
78,"Nunavut",2021-09-16,462,4,0,0,1,24272,21298
78,"Ontario",2021-09-16,209465,4842,4886,41,6129,11088718,10301653
78,"Prince Edward Island",2021-09-16,6630,27,7,0,37,130394,119518
78,"Quebec",2021-09-16,203846,5131,5135,27,6607,6627165,6286039
78,"Repatriated travellers",2021-09-16,0,0,0,0,0,0,0
78,"Saskatchewan",2021-09-16,27620,3266,2554,22,4064,790969,711373
78,"Yukon",2021-09-16,501,13,9,0,18,32606,31044
79,"Alberta",2021-09-23,106190,11420,11315,103,20180,3089325,2763880
79,"British Columbia",2021-09-23,104249,5308,4514,43,6097,4047010,3719131
79,"Canada",2021-09-23,754068,30553,30691,282,44975,28838702,26837965
79,"Manitoba",2021-09-23,23245,581,483,4,496,1018930,959560
79,"New Brunswick",2021-09-23,16625,511,403,8,575,607455,549644
79,"Newfoundland and Labrador",2021-09-23,13739,138,50,1,84,426570,387043
79,"Northwest Territories",2021-09-23,674,185,160,4,233,30082,28175
79,"Nova Scotia",2021-09-23,27595,227,127,3,147,778358,721789
79,"Nunavut",2021-09-23,429,1,4,0,4,24594,21574
79,"Ontario",2021-09-23,224361,4271,5080,53,5845,11191067,10464086
79,"Prince Edward Island",2021-09-23,3705,9,47,0,47,131385,121043
79,"Quebec",2021-09-23,205511,4551,5082,29,6518,6655854,6348314
79,"Repatriated travellers",2021-09-23,0,0,0,0,0,0,0
79,"Saskatchewan",2021-09-23,27745,3322,3409,34,4715,805457,722620
79,"Yukon",2021-09-23,471,29,17,0,34,32615,31106
80,"Alberta",2021-09-30,95755,9299,10586,107,20255,3136368,2802512
80,"British Columbia",2021-09-30,103535,4879,5057,39,7289,4070961,3770596
80,"Canada",2021-09-30,729929,26999,29445,293,45235,29059984,27173543
80,"Manitoba",2021-09-30,22003,668,490,3,768,1024702,970469
80,"New Brunswick",2021-09-30,19710,653,522,13,691,617874,559622
80,"Newfoundland and Labrador",2021-09-30,10320,86,116,2,171,430575,393461
80,"Northwest Territories",2021-09-30,598,286,171,0,283,30295,28385
80,"Nova Scotia",2021-09-30,28684,226,195,1,224,784933,729747
80,"Nunavut",2021-09-30,286,0,1,0,2,24864,21868
80,"Ontario",2021-09-30,221957,4015,4377,48,4947,11272941,10603783
80,"Prince Edward Island",2021-09-30,4127,7,7,0,9,132404,122594
80,"Quebec",2021-09-30,198929,3781,4600,31,5894,6681955,6404431
80,"Repatriated travellers",2021-09-30,0,0,0,0,0,0,0
80,"Saskatchewan",2021-09-30,24025,3070,3296,48,4669,819561,734980
80,"Yukon",2021-09-30,491,29,27,1,33,32551,31095
81,"Alberta",2021-10-07,86408,6520,11117,97,18411,3175136,2843586
81,"British Columbia",2021-10-07,98809,4062,4778,41,6346,4096828,3813739
81,"Canada",2021-10-07,696721,23079,28475,255,41549,29268315,27487071
81,"Manitoba",2021-10-07,21118,678,595,10,868,1031804,981525
81,"New Brunswick",2021-10-07,19431,708,399,10,826,625786,566026
81,"Newfoundland and Labrador",2021-10-07,7228,40,107,3,125,435167,399763
81,"Northwest Territories",2021-10-07,541,232,271,1,418,30513,28682
81,"Nova Scotia",2021-10-07,24950,169,236,0,247,792389,739169
81,"Nunavut",2021-10-07,329,7,1,0,1,25111,22117
81,"Ontario",2021-10-07,213578,3503,3913,33,4575,11346301,10729139
81,"Prince Edward Island",2021-10-07,4363,6,9,0,9,133762,124383
81,"Quebec",2021-10-07,193142,3882,3910,29,5121,6708650,6459362
81,"Repatriated travellers",2021-10-07,0,0,0,0,0,0,0
81,"Saskatchewan",2021-10-07,26824,3228,3107,31,4564,834412,748550
81,"Yukon",2021-10-07,476,44,32,0,38,32456,31030
82,"Alberta",2021-10-14,73679,5465,8754,105,13423,3203485,2896714
82,"British Columbia",2021-10-14,95302,4348,4625,59,5739,4115184,3853187
82,"Canada",2021-10-14,649124,20043,25940,277,35335,29429124,27771522
82,"Manitoba",2021-10-14,18960,588,501,11,962,1038086,990456
82,"New Brunswick",2021-10-14,16288,516,810,19,1104,631562,572630
82,"Newfoundland and Labrador",2021-10-14,6188,25,39,2,67,440564,405359
82,"Northwest Territories",2021-10-14,624,175,273,2,354,30717,28925
82,"Nova Scotia",2021-10-14,20639,133,155,0,198,799522,747435
82,"Nunavut",2021-10-14,282,3,3,0,7,25550,22393
82,"Ontario",2021-10-14,195790,2847,3529,19,4022,11401106,10832286
82,"Prince Edward Island",2021-10-14,4554,6,5,0,5,134593,125907
82,"Quebec",2021-10-14,197948,3741,3863,26,5114,6733702,6505644
82,"Repatriated travellers",2021-10-14,0,0,0,0,0,0,0
82,"Saskatchewan",2021-10-14,18870,2150,3343,34,4294,842569,759509
82,"Yukon",2021-10-14,735,46,40,0,46,32484,31077
83,"Alberta",2021-10-21,68035,4105,6129,67,10434,3229562,2964370
83,"British Columbia",2021-10-21,81111,4038,4153,45,5334,4134599,3898974
83,"Canada",2021-10-21,592672,16612,20919,237,29217,29582490,28072667
83,"Manitoba",2021-10-21,17431,708,588,5,926,1042822,997948
83,"New Brunswick",2021-10-21,9743,298,513,13,764,636188,582201
83,"Newfoundland and Labrador",2021-10-21,6752,86,30,1,53,447737,413833
83,"Northwest Territories",2021-10-21,409,131,167,1,250,31034,29198
83,"Nova Scotia",2021-10-21,18703,132,149,2,163,805627,755688
83,"Nunavut",2021-10-21,238,0,7,0,4,25898,22656
83,"Ontario",2021-10-21,185218,2564,2982,39,3356,11454409,10932976
83,"Prince Edward Island",2021-10-21,2937,2,7,0,7,135385,127089
83,"Quebec",2021-10-21,184681,2884,3818,30,4773,6756396,6542681
83,"Repatriated travellers",2021-10-21,0,0,0,0,0,0,0
83,"Saskatchewan",2021-10-21,17414,1645,2345,34,3104,850206,773862
83,"Yukon",2021-10-21,723,19,31,0,49,32627,31191
84,"Alberta",2021-10-28,64032,3146,5126,60,8387,3244251,3005696
84,"British Columbia",2021-10-28,100443,3548,3878,55,5325,4150753,3941769
84,"Canada",2021-10-28,594721,15703,17607,213,25326,29693707,28317282
84,"Manitoba",2021-10-28,16048,844,597,11,1153,1046884,1004618
84,"New Brunswick",2021-10-28,7375,313,381,7,550,639542,591407
84,"Newfoundland and Labrador",2021-10-28,3006,11,52,0,108,451476,419100
84,"Northwest Territories",2021-10-28,338,43,169,1,186,31250,29449
84,"Nova Scotia",2021-10-28,16393,164,129,1,171,809673,763168
84,"Nunavut",2021-10-28,207,0,0,0,0,26131,22905
84,"Ontario",2021-10-28,184213,2655,2516,24,3018,11497222,11020020
84,"Prince Edward Island",2021-10-28,2474,3,0,0,2,135917,128309
84,"Quebec",2021-10-28,185403,3659,2826,25,3981,6771573,6570881
84,"Repatriated travellers",2021-10-28,0,0,0,0,0,0,0
84,"Saskatchewan",2021-10-28,14789,1244,1890,29,2398,856287,788699
84,"Yukon",2021-10-28,636,73,43,0,47,32748,31261
85,"Alberta",2021-11-04,68557,3188,3842,31,6515,3258867,3042119
85,"British Columbia",2021-11-04,91980,3638,3689,42,4767,4164608,3973546
85,"Canada",2021-11-04,617474,17432,16399,155,23162,29786923,28511384
85,"Manitoba",2021-11-04,20368,1088,957,17,1145,1050396,1010471
85,"New Brunswick",2021-11-04,5008,358,266,2,465,641393,597326
85,"Newfoundland and Labrador",2021-11-04,0,24,43,0,67,453632,423344
85,"Northwest Territories",2021-11-04,372,65,54,1,61,31457,29734
85,"Nova Scotia",2021-11-04,21260,284,186,1,213,812111,768438
85,"Nunavut",2021-11-04,161,0,0,0,0,26300,23131
85,"Ontario",2021-11-04,194905,3520,2534,25,3189,11532131,11087188
85,"Prince Edward Island",2021-11-04,2933,4,4,0,5,136235,129147
85,"Quebec",2021-11-04,198514,4140,3422,19,4878,6784972,6593584
85,"Repatriated travellers",2021-11-04,0,0,0,0,0,0,0
85,"Saskatchewan",2021-11-04,13416,956,1330,17,1783,861466,801531
85,"Yukon",2021-11-04,987,167,72,0,74,33355,31825
86,"Alberta",2021-11-11,59775,2642,3089,40,6478,3272662,3076152
86,"British Columbia",2021-11-11,86124,2924,3870,47,5134,4175893,3997735
86,"Canada",2021-11-11,582939,16800,17167,182,25626,29873618,28686527
86,"Manitoba",2021-11-11,19787,973,989,8,1605,1053146,1014943
86,"New Brunswick",2021-11-11,6869,416,398,1,581,643061,602384
86,"Newfoundland and Labrador",2021-11-11,0,12,30,1,48,455271,427910
86,"Northwest Territories",2021-11-11,285,78,26,0,80,31457,29734
86,"Nova Scotia",2021-11-11,20409,217,255,3,277,814073,773297
86,"Nunavut",2021-11-11,228,0,0,0,0,26533,23377
86,"Ontario",2021-11-11,185157,4112,3386,39,4269,11565749,11150000
86,"Prince Edward Island",2021-11-11,2609,11,7,0,5,136689,130494
86,"Quebec",2021-11-11,190333,4472,3933,19,5543,6800246,6617994
86,"Repatriated travellers",2021-11-11,0,0,0,0,0,0,0
86,"Saskatchewan",2021-11-11,11363,753,1000,23,1428,865395,810613
86,"Yukon",2021-11-11,1236,190,184,1,178,33443,31894
87,"Alberta",2021-11-18,54568,2637,3098,27,5384,3290358,3111718
87,"British Columbia",2021-11-18,82564,2652,3049,32,3576,4185544,4019104
87,"Canada",2021-11-18,610304,18131,17515,148,23543,29967729,28862392
87,"Manitoba",2021-11-18,20090,1092,975,23,1404,1056316,1020089
87,"New Brunswick",2021-11-18,9267,543,415,1,567,644914,608093
87,"Newfoundland and Labrador",2021-11-18,0,11,19,1,29,457061,433648
87,"Northwest Territories",2021-11-18,330,28,113,0,114,31696,30197
87,"Nova Scotia",2021-11-18,21918,156,218,2,236,821401,785592
87,"Nunavut",2021-11-18,243,0,0,0,0,26819,23652
87,"Ontario",2021-11-18,193141,4804,4107,30,4872,11598644,11207402
87,"Prince Edward Island",2021-11-18,4059,28,1,0,10,137025,131492
87,"Quebec",2021-11-18,210780,5260,4436,18,6098,6815304,6640359
87,"Repatriated travellers",2021-11-18,0,0,0,0,0,0,0
87,"Saskatchewan",2021-11-18,13344,788,885,13,1099,869043,818968
87,"Yukon",2021-11-18,780,132,199,1,154,33604,32078
88,"Alberta",2021-11-25,25406,2209,2599,24,4969,3351130,3149338
88,"British Columbia",2021-11-25,81069,2478,2566,27,3240,4194552,4038459
88,"Canada",2021-11-25,606510,20704,18472,134,23113,30219807,29013366
88,"Manitoba",2021-11-25,19930,917,1039,22,1493,1066767,1024753
88,"New Brunswick",2021-11-25,10273,518,529,5,744,648231,612556
88,"Newfoundland and Labrador",2021-11-25,13238,17,8,0,20,461243,438506
88,"Northwest Territories",2021-11-25,330,6,35,0,43,32005,30423
88,"Nova Scotia",2021-11-25,22221,203,169,3,169,823590,790048
88,"Nunavut",2021-11-25,166,0,0,0,0,27082,23948
88,"Ontario",2021-11-25,206553,5748,4381,24,5552,11678129,11253853
88,"Prince Edward Island",2021-11-25,3851,17,23,0,37,137925,132263
88,"Quebec",2021-11-25,211537,8023,6264,15,5745,6879321,6661236
88,"Repatriated travellers",2021-11-25,0,0,0,0,0,0,0
88,"Saskatchewan",2021-11-25,11936,503,749,13,993,886045,825731
88,"Yukon",2021-11-25,459,65,110,1,108,33787,32252
89,"Alberta",2021-12-02,83801,2131,2593,16,4539,3365876,3153129
89,"British Columbia",2021-12-02,84424,2423,2490,29,3141,4231616,4055402
89,"Canada",2021-12-02,705321,23101,19080,138,26601,30604426,29077498
89,"Manitoba",2021-12-02,19587,1114,839,20,1346,1089070,1028839
89,"New Brunswick",2021-12-02,10277,638,525,8,692,655872,615268
89,"Newfoundland and Labrador",2021-12-02,3211,17,22,0,29,468499,441872
89,"Northwest Territories",2021-12-02,260,6,13,0,23,33175,30656
89,"Nova Scotia",2021-12-02,21797,159,200,0,214,833699,794254
89,"Nunavut",2021-12-02,171,2,0,0,0,27941,24149
89,"Ontario",2021-12-02,233712,7051,5411,40,6932,11809917,11257201
89,"Prince Edward Island",2021-12-02,3755,23,26,0,25,139463,132847
89,"Quebec",2021-12-02,231917,9059,6351,15,8869,7008027,6680470
89,"Repatriated travellers",2021-12-02,0,0,0,0,0,0,0
89,"Saskatchewan",2021-12-02,12409,436,553,9,733,907326,830938
89,"Yukon",2021-12-02,414,42,57,1,58,33945,32473
90,"Alberta",2021-12-09,57115,2189,2233,14,4094,3398445,3167778
90,"British Columbia",2021-12-09,89506,3010,2411,24,3013,4280705,4064965
90,"Canada",2021-12-09,763265,32661,21693,142,31285,30990291,29165573
90,"Manitoba",2021-12-09,21152,1227,1070,16,1613,1102066,1028187
90,"New Brunswick",2021-12-09,11366,924,555,8,893,663510,617303
90,"Newfoundland and Labrador",2021-12-09,3552,30,13,0,24,476178,444209
90,"Northwest Territories",2021-12-09,275,7,9,0,11,33654,30732
90,"Nova Scotia",2021-12-09,31223,833,133,0,194,852630,799215
90,"Nunavut",2021-12-09,190,0,1,0,2,29303,24419
90,"Ontario",2021-12-09,271098,10599,6235,49,8661,11944371,11289006
90,"Prince Edward Island",2021-12-09,6543,31,15,0,29,140731,133347
90,"Quebec",2021-12-09,259855,13316,8456,26,12085,7118234,6698801
90,"Repatriated travellers",2021-12-09,0,0,0,0,0,0,0
90,"Saskatchewan",2021-12-09,11390,450,517,5,622,915965,835154
90,"Yukon",2021-12-09,417,45,45,0,44,34499,32457
91,"Alberta",2021-12-16,61977,5083,2087,14,4212,3423483,3182120
91,"British Columbia",2021-12-16,108610,6926,2985,16,3986,4321212,4080226
91,"Canada",2021-12-16,971173,73659,28734,120,44444,31280821,29253083
91,"Manitoba",2021-12-16,21787,1943,1089,11,1741,1113721,1030971
91,"New Brunswick",2021-12-16,13555,1092,822,5,1239,672076,615634
91,"Newfoundland and Labrador",2021-12-16,10135,221,32,0,41,483543,446224
91,"Northwest Territories",2021-12-16,279,14,4,0,14,33892,30907
91,"Nova Scotia",2021-12-16,60021,3127,532,1,1111,864395,801522
91,"Nunavut",2021-12-16,227,0,1,0,1,29631,24314
91,"Ontario",2021-12-16,355491,24643,8981,40,14065,12038634,11319277
91,"Prince Edward Island",2021-12-16,5216,126,28,0,49,142326,133755
91,"Quebec",2021-12-16,322739,29956,11739,30,17400,7201341,6716078
91,"Repatriated travellers",2021-12-16,0,0,0,0,0,0,0
91,"Saskatchewan",2021-12-16,11136,482,389,3,544,921321,839538
91,"Yukon",2021-12-16,455,46,45,0,41,35246,32517
92,"Alberta",2021-12-23,64212,12543,2201,11,8359,3442633,3192081
92,"British Columbia",2021-12-23,115690,15500,6500,10,8935,4358089,4083118
92,"Canada",2021-12-23,1072751,177409,55393,140,101197,31469712,29326351
92,"Manitoba",2021-12-23,25118,5202,320,16,2933,1119954,1033967
92,"New Brunswick",2021-12-23,13778,1953,970,8,1565,675662,617456
92,"Newfoundland and Labrador",2021-12-23,20739,1048,160,0,321,485454,447320
92,"Northwest Territories",2021-12-23,563,0,0,0,19,33892,30907
92,"Nova Scotia",2021-12-23,45352,4175,2578,0,3844,868894,803331
92,"Nunavut",2021-12-23,581,71,0,0,3,29968,24364
92,"Ontario",2021-12-23,403981,64278,15536,38,32412,12114044,11352387
92,"Prince Edward Island",2021-12-23,3386,462,77,0,165,143342,133847
92,"Quebec",2021-12-23,367954,70721,26617,50,41807,7237198,6730721
92,"Repatriated travellers",2021-12-23,0,0,0,0,0,0,0
92,"Saskatchewan",2021-12-23,11397,1413,388,7,789,925019,844258
92,"Yukon",2021-12-23,424,43,46,0,45,35563,32594
93,"Alberta",2021-12-30,73558,26503,6680,23,21568,3456323,3199623
93,"British Columbia",2021-12-30,106177,23837,9415,8,17850,4375218,4091526
93,"Canada",2021-12-30,1119410,292204,138899,271,233947,31574216,29382909
93,"Manitoba",2021-12-30,28611,11565,191,18,8408,1122812,1035682
93,"New Brunswick",2021-12-30,17685,5327,874,11,2842,677537,618065
93,"Newfoundland and Labrador",2021-12-30,29176,3179,623,2,1435,485985,447752
93,"Northwest Territories",2021-12-30,709,405,42,0,105,34101,31025
93,"Nova Scotia",2021-12-30,39271,5904,4312,0,5106,872959,804519
93,"Nunavut",2021-12-30,1618,174,14,0,89,30309,24375
93,"Ontario",2021-12-30,437506,102191,45072,81,86754,12160616,11375604
93,"Prince Edward Island",2021-12-30,1357,1062,210,0,680,143567,133985
93,"Quebec",2021-12-30,368273,107889,70360,118,86866,7251365,6739083
93,"Repatriated travellers",2021-12-30,0,0,0,0,0,0,0
93,"Saskatchewan",2021-12-30,15469,3853,1043,9,2176,927823,849007
93,"Yukon",2021-12-30,1152,315,63,1,68,35601,32663
94,"Alberta",2022-01-06,98668,40196,16129,34,39897,3473133,3210508
94,"British Columbia",2022-01-06,95489,18184,9498,28,32777,4400247,4101646
94,"Canada",2022-01-06,1045827,262710,224207,558,376659,31719560,29484406
94,"Manitoba",2022-01-06,36011,16356,125,27,21364,1128297,1039309
94,"New Brunswick",2022-01-06,15994,2904,2663,6,7269,681137,619841
94,"Newfoundland and Labrador",2022-01-06,31482,4377,1596,3,4066,488197,448695
94,"Northwest Territories",2022-01-06,672,972,209,0,527,34201,31075
94,"Nova Scotia",2022-01-06,35568,5674,5446,6,6636,875792,804855
94,"Nunavut",2022-01-06,1514,115,160,0,244,30624,24509
94,"Ontario",2022-01-06,370800,77999,79648,193,135313,12221966,11424776
94,"Prince Edward Island",2022-01-06,337,1343,799,0,1491,144370,134208
94,"Quebec",2022-01-06,335272,86619,104362,260,121621,7272970,6754031
94,"Repatriated travellers",2022-01-06,0,0,0,0,0,0,0
94,"Saskatchewan",2022-01-06,24020,7466,3205,1,5235,932891,858250
94,"Yukon",2022-01-06,1170,505,367,0,317,35735,32703
